condition_id,N,noise_pct,seed,slurm_job_id,demo_path,status,demo_alignment,agent_alignment,eval_reward_mean,eval_reward_std,last10_tb_reward
count_N1,1,0,0,4931471,/scratch/marzii/imitation_runs/demos/noisy_demos/lunarlander/expert_4720242/n100_p0_clean,done,0.5959,0.5599,114.05,162.46,74.04
count_N1,1,0,1,4931472,/scratch/marzii/imitation_runs/demos/noisy_demos/lunarlander/expert_4720242/n100_p0_clean,done,0.5959,0.5399,116.32,150.06,51.75
count_N1,1,0,2,4931473,/scratch/marzii/imitation_runs/demos/noisy_demos/lunarlander/expert_4720242/n100_p0_clean,done,0.5959,0.5353,89.87,115.23,50.30
count_N1,1,0,3,4931474,/scratch/marzii/imitation_runs/demos/noisy_demos/lunarlander/expert_4720242/n100_p0_clean,done,0.5959,0.5442,45.69,118.15,57.30
count_N1,1,0,4,4931475,/scratch/marzii/imitation_runs/demos/noisy_demos/lunarlander/expert_4720242/n100_p0_clean,done,0.5959,0.5942,123.83,142.87,63.98
count_N1,1,0,5,4931476,/scratch/marzii/imitation_runs/demos/noisy_demos/lunarlander/expert_4720242/n100_p0_clean,done,0.5959,0.5879,131.25,140.85,68.65
count_N1,1,0,6,4931477,/scratch/marzii/imitation_runs/demos/noisy_demos/lunarlander/expert_4720242/n100_p0_clean,done,0.5959,0.5841,99.29,192.38,64.90
count_N1,1,0,7,4931478,/scratch/marzii/imitation_runs/demos/noisy_demos/lunarlander/expert_4720242/n100_p0_clean,done,0.5959,0.5022,37.69,97.43,46.06
count_N1,1,0,8,4931479,/scratch/marzii/imitation_runs/demos/noisy_demos/lunarlander/expert_4720242/n100_p0_clean,done,0.5959,0.5817,125.57,157.06,98.82
count_N1,1,0,9,4931480,/scratch/marzii/imitation_runs/demos/noisy_demos/lunarlander/expert_4720242/n100_p0_clean,done,0.5959,0.5791,132.05,143.13,60.19
count_N5,5,0,0,4931481,/scratch/marzii/imitation_runs/demos/noisy_demos/lunarlander/expert_4720242/n100_p0_clean,done,0.5959,0.5444,130.49,75.39,108.86
count_N5,5,0,1,4931482,/scratch/marzii/imitation_runs/demos/noisy_demos/lunarlander/expert_4720242/n100_p0_clean,done,0.5959,0.5091,98.33,60.85,115.96
count_N5,5,0,2,4931483,/scratch/marzii/imitation_runs/demos/noisy_demos/lunarlander/expert_4720242/n100_p0_clean,done,0.5959,0.5325,148.48,99.57,97.76
count_N5,5,0,3,4931484,/scratch/marzii/imitation_runs/demos/noisy_demos/lunarlander/expert_4720242/n100_p0_clean,done,0.5959,0.5889,190.63,84.30,124.59
count_N5,5,0,4,4931485,/scratch/marzii/imitation_runs/demos/noisy_demos/lunarlander/expert_4720242/n100_p0_clean,done,0.5959,0.5357,185.13,91.46,114.42
count_N5,5,0,5,4931486,/scratch/marzii/imitation_runs/demos/noisy_demos/lunarlander/expert_4720242/n100_p0_clean,done,0.5959,0.5768,131.58,80.31,143.49
count_N5,5,0,6,4931487,/scratch/marzii/imitation_runs/demos/noisy_demos/lunarlander/expert_4720242/n100_p0_clean,done,0.5959,0.5447,128.09,87.85,113.36
count_N5,5,0,7,4931488,/scratch/marzii/imitation_runs/demos/noisy_demos/lunarlander/expert_4720242/n100_p0_clean,done,0.5959,0.5692,148.34,83.13,117.35
count_N5,5,0,8,4931489,/scratch/marzii/imitation_runs/demos/noisy_demos/lunarlander/expert_4720242/n100_p0_clean,done,0.5959,0.5040,99.30,60.55,125.28
count_N5,5,0,9,4931490,/scratch/marzii/imitation_runs/demos/noisy_demos/lunarlander/expert_4720242/n100_p0_clean,done,0.5959,0.5500,140.59,83.06,130.26
count_N10,10,0,0,4931491,/scratch/marzii/imitation_runs/demos/noisy_demos/lunarlander/expert_4720242/n100_p0_clean,done,0.5959,0.5694,113.55,45.12,126.80
count_N10,10,0,1,4931492,/scratch/marzii/imitation_runs/demos/noisy_demos/lunarlander/expert_4720242/n100_p0_clean,done,0.5959,0.5477,102.00,34.70,138.50
count_N10,10,0,2,4931493,/scratch/marzii/imitation_runs/demos/noisy_demos/lunarlander/expert_4720242/n100_p0_clean,done,0.5959,0.6226,210.09,64.86,131.71
count_N10,10,0,3,4931494,/scratch/marzii/imitation_runs/demos/noisy_demos/lunarlander/expert_4720242/n100_p0_clean,done,0.5959,0.5436,112.57,61.81,123.15
count_N10,10,0,4,4931495,/scratch/marzii/imitation_runs/demos/noisy_demos/lunarlander/expert_4720242/n100_p0_clean,done,0.5959,0.5397,108.29,77.59,131.51
count_N10,10,0,5,4931496,/scratch/marzii/imitation_runs/demos/noisy_demos/lunarlander/expert_4720242/n100_p0_clean,done,0.5959,0.5991,221.23,89.25,143.56
count_N10,10,0,6,4931497,/scratch/marzii/imitation_runs/demos/noisy_demos/lunarlander/expert_4720242/n100_p0_clean,done,0.5959,0.5946,225.35,67.32,133.11
count_N10,10,0,7,4931498,/scratch/marzii/imitation_runs/demos/noisy_demos/lunarlander/expert_4720242/n100_p0_clean,done,0.5959,0.4345,92.76,31.17,143.66
count_N10,10,0,8,4931499,/scratch/marzii/imitation_runs/demos/noisy_demos/lunarlander/expert_4720242/n100_p0_clean,done,0.5959,0.5744,125.78,63.76,130.54
count_N10,10,0,9,4931500,/scratch/marzii/imitation_runs/demos/noisy_demos/lunarlander/expert_4720242/n100_p0_clean,done,0.5959,0.5700,163.99,61.31,145.30
count_N50,50,0,0,4931501,/scratch/marzii/imitation_runs/demos/noisy_demos/lunarlander/expert_4720242/n100_p0_clean,done,0.5959,0.6402,233.98,60.39,96.90
count_N50,50,0,1,4931502,/scratch/marzii/imitation_runs/demos/noisy_demos/lunarlander/expert_4720242/n100_p0_clean,done,0.5959,0.5865,219.07,72.70,147.73
count_N50,50,0,2,4931503,/scratch/marzii/imitation_runs/demos/noisy_demos/lunarlander/expert_4720242/n100_p0_clean,done,0.5959,0.4996,79.25,34.01,138.26
count_N50,50,0,3,4931504,/scratch/marzii/imitation_runs/demos/noisy_demos/lunarlander/expert_4720242/n100_p0_clean,done,0.5959,0.6460,232.26,76.74,138.90
count_N50,50,0,4,4931505,/scratch/marzii/imitation_runs/demos/noisy_demos/lunarlander/expert_4720242/n100_p0_clean,done,0.5959,0.6175,88.87,22.75,134.35
count_N50,50,0,5,4931506,/scratch/marzii/imitation_runs/demos/noisy_demos/lunarlander/expert_4720242/n100_p0_clean,done,0.5959,0.5527,123.11,68.19,128.80
count_N50,50,0,6,4931507,/scratch/marzii/imitation_runs/demos/noisy_demos/lunarlander/expert_4720242/n100_p0_clean,done,0.5959,0.5870,132.27,63.45,111.03
count_N50,50,0,7,4931508,/scratch/marzii/imitation_runs/demos/noisy_demos/lunarlander/expert_4720242/n100_p0_clean,done,0.5959,0.5465,108.97,51.01,134.64
count_N50,50,0,8,4931509,/scratch/marzii/imitation_runs/demos/noisy_demos/lunarlander/expert_4720242/n100_p0_clean,done,0.5959,0.5420,127.67,62.63,105.81
count_N50,50,0,9,4931510,/scratch/marzii/imitation_runs/demos/noisy_demos/lunarlander/expert_4720242/n100_p0_clean,done,0.5959,0.6108,108.70,37.10,124.26
count_N100,100,0,0,4931511,/scratch/marzii/imitation_runs/demos/noisy_demos/lunarlander/expert_4720242/n100_p0_clean,done,0.5959,0.5192,79.45,46.22,127.28
count_N100,100,0,1,4931512,/scratch/marzii/imitation_runs/demos/noisy_demos/lunarlander/expert_4720242/n100_p0_clean,done,0.5959,0.5825,140.33,78.15,94.72
count_N100,100,0,2,4931513,/scratch/marzii/imitation_runs/demos/noisy_demos/lunarlander/expert_4720242/n100_p0_clean,done,0.5959,0.5458,93.96,34.81,131.82
count_N100,100,0,3,4931514,/scratch/marzii/imitation_runs/demos/noisy_demos/lunarlander/expert_4720242/n100_p0_clean,done,0.5959,0.5401,92.69,35.29,122.64
count_N100,100,0,4,4931515,/scratch/marzii/imitation_runs/demos/noisy_demos/lunarlander/expert_4720242/n100_p0_clean,done,0.5959,0.4632,40.63,107.86,121.25
count_N100,100,0,5,4931516,/scratch/marzii/imitation_runs/demos/noisy_demos/lunarlander/expert_4720242/n100_p0_clean,done,0.5959,0.4780,83.21,20.48,93.10
count_N100,100,0,6,4931517,/scratch/marzii/imitation_runs/demos/noisy_demos/lunarlander/expert_4720242/n100_p0_clean,done,0.5959,0.5622,91.76,18.58,147.85
count_N100,100,0,7,4931518,/scratch/marzii/imitation_runs/demos/noisy_demos/lunarlander/expert_4720242/n100_p0_clean,done,0.5959,0.5942,83.89,16.18,129.51
count_N100,100,0,8,4931519,/scratch/marzii/imitation_runs/demos/noisy_demos/lunarlander/expert_4720242/n100_p0_clean,done,0.5959,0.5454,126.13,74.70,118.80
count_N100,100,0,9,4931520,/scratch/marzii/imitation_runs/demos/noisy_demos/lunarlander/expert_4720242/n100_p0_clean,done,0.5959,0.5742,110.65,79.36,103.10
noise_p25,100,25,0,4931521,/scratch/marzii/imitation_runs/demos/noisy_demos/lunarlander/expert_4720242/n100_p25_s0,done,0.5091,0.5704,167.33,86.51,112.42
noise_p25,100,25,1,4931522,/scratch/marzii/imitation_runs/demos/noisy_demos/lunarlander/expert_4720242/n100_p25_s1,done,0.5092,0.6403,86.88,19.42,114.09
noise_p25,100,25,2,4931523,/scratch/marzii/imitation_runs/demos/noisy_demos/lunarlander/expert_4720242/n100_p25_s2,done,0.5093,0.5629,110.05,60.83,98.06
noise_p25,100,25,3,4931524,/scratch/marzii/imitation_runs/demos/noisy_demos/lunarlander/expert_4720242/n100_p25_s3,done,0.5090,0.3025,23.00,19.19,109.40
noise_p25,100,25,4,4931525,/scratch/marzii/imitation_runs/demos/noisy_demos/lunarlander/expert_4720242/n100_p25_s4,done,0.5077,0.5436,87.90,29.34,111.84
noise_p25,100,25,5,4931526,/scratch/marzii/imitation_runs/demos/noisy_demos/lunarlander/expert_4720242/n100_p25_s5,done,0.5086,0.5970,128.94,109.55,90.08
noise_p25,100,25,6,4931527,/scratch/marzii/imitation_runs/demos/noisy_demos/lunarlander/expert_4720242/n100_p25_s6,done,0.5110,0.5317,189.33,79.24,138.74
noise_p25,100,25,7,4931528,/scratch/marzii/imitation_runs/demos/noisy_demos/lunarlander/expert_4720242/n100_p25_s7,done,0.5107,0.5838,96.73,33.47,132.43
noise_p25,100,25,8,4931529,/scratch/marzii/imitation_runs/demos/noisy_demos/lunarlander/expert_4720242/n100_p25_s8,done,0.5101,0.5166,135.82,81.59,104.04
noise_p25,100,25,9,4931530,/scratch/marzii/imitation_runs/demos/noisy_demos/lunarlander/expert_4720242/n100_p25_s9,done,0.5095,0.4193,78.97,20.70,110.09
noise_p50,100,50,0,4931531,/scratch/marzii/imitation_runs/demos/noisy_demos/lunarlander/expert_4720242/n100_p50_s0,done,0.4211,0.4979,143.04,52.56,124.55
noise_p50,100,50,1,4931532,/scratch/marzii/imitation_runs/demos/noisy_demos/lunarlander/expert_4720242/n100_p50_s1,done,0.4211,0.6008,89.46,17.32,129.60
noise_p50,100,50,2,4931533,/scratch/marzii/imitation_runs/demos/noisy_demos/lunarlander/expert_4720242/n100_p50_s2,done,0.4235,0.6152,87.77,17.86,74.53
noise_p50,100,50,3,4931534,/scratch/marzii/imitation_runs/demos/noisy_demos/lunarlander/expert_4720242/n100_p50_s3,done,0.4244,0.5278,103.12,55.07,117.03
noise_p50,100,50,4,4931535,/scratch/marzii/imitation_runs/demos/noisy_demos/lunarlander/expert_4720242/n100_p50_s4,done,0.4228,0.6030,102.52,34.35,100.42
noise_p50,100,50,5,4931536,/scratch/marzii/imitation_runs/demos/noisy_demos/lunarlander/expert_4720242/n100_p50_s5,done,0.4252,0.5908,121.95,104.58,110.66
noise_p50,100,50,6,4931537,/scratch/marzii/imitation_runs/demos/noisy_demos/lunarlander/expert_4720242/n100_p50_s6,done,0.4222,0.5686,141.61,54.98,89.04
noise_p50,100,50,7,4931538,/scratch/marzii/imitation_runs/demos/noisy_demos/lunarlander/expert_4720242/n100_p50_s7,done,0.4231,0.6166,151.81,90.97,99.13
noise_p50,100,50,8,4931539,/scratch/marzii/imitation_runs/demos/noisy_demos/lunarlander/expert_4720242/n100_p50_s8,done,0.4222,0.5474,91.99,34.30,109.42
noise_p50,100,50,9,4931540,/scratch/marzii/imitation_runs/demos/noisy_demos/lunarlander/expert_4720242/n100_p50_s9,done,0.4217,0.5983,182.92,116.28,101.79
noise_p75,100,75,0,4931541,/scratch/marzii/imitation_runs/demos/noisy_demos/lunarlander/expert_4720242/n100_p75_s0,done,0.3358,0.5015,49.60,59.73,110.39
noise_p75,100,75,1,4931542,/scratch/marzii/imitation_runs/demos/noisy_demos/lunarlander/expert_4720242/n100_p75_s1,done,0.3376,0.5498,117.55,49.82,121.14
noise_p75,100,75,2,4931543,/scratch/marzii/imitation_runs/demos/noisy_demos/lunarlander/expert_4720242/n100_p75_s2,done,0.3351,0.4022,68.24,18.80,78.08
noise_p75,100,75,3,4931544,/scratch/marzii/imitation_runs/demos/noisy_demos/lunarlander/expert_4720242/n100_p75_s3,done,0.3385,0.3713,1.22,28.05,80.97
noise_p75,100,75,4,4931545,/scratch/marzii/imitation_runs/demos/noisy_demos/lunarlander/expert_4720242/n100_p75_s4,done,0.3367,0.5500,64.70,41.20,76.88
noise_p75,100,75,5,4931546,/scratch/marzii/imitation_runs/demos/noisy_demos/lunarlander/expert_4720242/n100_p75_s5,done,0.3369,0.5086,93.46,108.22,93.69
noise_p75,100,75,6,4931547,/scratch/marzii/imitation_runs/demos/noisy_demos/lunarlander/expert_4720242/n100_p75_s6,done,0.3379,0.3671,56.79,16.38,99.90
noise_p75,100,75,7,4931548,/scratch/marzii/imitation_runs/demos/noisy_demos/lunarlander/expert_4720242/n100_p75_s7,done,0.3374,0.4538,124.70,27.76,100.72
noise_p75,100,75,8,4931549,/scratch/marzii/imitation_runs/demos/noisy_demos/lunarlander/expert_4720242/n100_p75_s8,done,0.3371,0.2798,-69.16,92.86,87.54
noise_p75,100,75,9,4931550,/scratch/marzii/imitation_runs/demos/noisy_demos/lunarlander/expert_4720242/n100_p75_s9,done,0.3367,0.4138,124.66,44.02,130.24
noise_p100,100,100,0,4931551,/scratch/marzii/imitation_runs/demos/noisy_demos/lunarlander/expert_4720242/n100_p100_s0,done,0.2493,0.4965,100.92,21.60,115.12
noise_p100,100,100,1,4931552,/scratch/marzii/imitation_runs/demos/noisy_demos/lunarlander/expert_4720242/n100_p100_s1,done,0.2507,0.4680,124.46,37.19,97.10
noise_p100,100,100,2,4931553,/scratch/marzii/imitation_runs/demos/noisy_demos/lunarlander/expert_4720242/n100_p100_s2,done,0.2500,0.6367,232.73,83.00,96.22
noise_p100,100,100,3,4931554,/scratch/marzii/imitation_runs/demos/noisy_demos/lunarlander/expert_4720242/n100_p100_s3,done,0.2513,0.5846,99.44,34.13,93.56
noise_p100,100,100,4,4931555,/scratch/marzii/imitation_runs/demos/noisy_demos/lunarlander/expert_4720242/n100_p100_s4,done,0.2504,0.5022,87.62,26.73,63.60
noise_p100,100,100,5,4931556,/scratch/marzii/imitation_runs/demos/noisy_demos/lunarlander/expert_4720242/n100_p100_s5,done,0.2495,0.5317,100.61,84.34,114.12
noise_p100,100,100,6,4931557,/scratch/marzii/imitation_runs/demos/noisy_demos/lunarlander/expert_4720242/n100_p100_s6,done,0.2516,0.4497,90.35,31.08,101.03
noise_p100,100,100,7,4931558,/scratch/marzii/imitation_runs/demos/noisy_demos/lunarlander/expert_4720242/n100_p100_s7,done,0.2510,0.4338,84.81,87.07,82.26
noise_p100,100,100,8,4931559,/scratch/marzii/imitation_runs/demos/noisy_demos/lunarlander/expert_4720242/n100_p100_s8,done,0.2481,0.3062,117.54,27.44,97.15
noise_p100,100,100,9,4931560,/scratch/marzii/imitation_runs/demos/noisy_demos/lunarlander/expert_4720242/n100_p100_s9,done,0.2503,0.4336,115.49,22.42,101.02
count_N20,20,0,0,4950985,/scratch/marzii/imitation_runs/demos/noisy_demos/lunarlander/expert_4720242/n100_p0_clean,done,0.5959,0.5497,96.83,31.72,121.81
count_N20,20,0,1,4950986,/scratch/marzii/imitation_runs/demos/noisy_demos/lunarlander/expert_4720242/n100_p0_clean,done,0.5959,0.4214,73.26,18.06,134.30
count_N20,20,0,2,4950987,/scratch/marzii/imitation_runs/demos/noisy_demos/lunarlander/expert_4720242/n100_p0_clean,done,0.5959,0.5767,150.53,73.74,96.50
count_N20,20,0,3,4950988,/scratch/marzii/imitation_runs/demos/noisy_demos/lunarlander/expert_4720242/n100_p0_clean,done,0.5959,0.5314,94.47,29.64,126.28
count_N20,20,0,4,4950989,/scratch/marzii/imitation_runs/demos/noisy_demos/lunarlander/expert_4720242/n100_p0_clean,done,0.5959,0.6084,229.58,49.89,115.63
count_N20,20,0,5,4950990,/scratch/marzii/imitation_runs/demos/noisy_demos/lunarlander/expert_4720242/n100_p0_clean,done,0.5959,0.5956,194.79,73.47,97.36
count_N20,20,0,6,4950991,/scratch/marzii/imitation_runs/demos/noisy_demos/lunarlander/expert_4720242/n100_p0_clean,done,0.5959,0.5888,95.58,36.42,117.95
count_N20,20,0,7,4950992,/scratch/marzii/imitation_runs/demos/noisy_demos/lunarlander/expert_4720242/n100_p0_clean,done,0.5959,0.3462,80.90,22.06,138.69
count_N20,20,0,8,4950993,/scratch/marzii/imitation_runs/demos/noisy_demos/lunarlander/expert_4720242/n100_p0_clean,done,0.5959,0.6043,99.76,29.24,113.68
count_N20,20,0,9,4950994,/scratch/marzii/imitation_runs/demos/noisy_demos/lunarlander/expert_4720242/n100_p0_clean,done,0.5959,0.5924,145.50,93.12,124.02
count_N80,80,0,0,4950995,/scratch/marzii/imitation_runs/demos/noisy_demos/lunarlander/expert_4720242/n100_p0_clean,done,0.5959,0.5631,107.02,56.60,124.90
count_N80,80,0,1,4950996,/scratch/marzii/imitation_runs/demos/noisy_demos/lunarlander/expert_4720242/n100_p0_clean,done,0.5959,0.5952,84.59,18.19,117.26
count_N80,80,0,2,4950997,/scratch/marzii/imitation_runs/demos/noisy_demos/lunarlander/expert_4720242/n100_p0_clean,done,0.5959,0.5927,193.89,88.54,122.78
count_N80,80,0,3,4950998,/scratch/marzii/imitation_runs/demos/noisy_demos/lunarlander/expert_4720242/n100_p0_clean,done,0.5959,0.5775,150.77,120.33,131.06
count_N80,80,0,4,4950999,/scratch/marzii/imitation_runs/demos/noisy_demos/lunarlander/expert_4720242/n100_p0_clean,done,0.5959,0.3819,62.56,24.99,120.88
count_N80,80,0,5,4951000,/scratch/marzii/imitation_runs/demos/noisy_demos/lunarlander/expert_4720242/n100_p0_clean,done,0.5959,0.5137,92.63,31.88,97.84
count_N80,80,0,6,4951001,/scratch/marzii/imitation_runs/demos/noisy_demos/lunarlander/expert_4720242/n100_p0_clean,done,0.5959,0.5392,134.50,59.80,110.08
count_N80,80,0,7,4951002,/scratch/marzii/imitation_runs/demos/noisy_demos/lunarlander/expert_4720242/n100_p0_clean,done,0.5959,0.4611,93.91,21.31,115.31
count_N80,80,0,8,4951003,/scratch/marzii/imitation_runs/demos/noisy_demos/lunarlander/expert_4720242/n100_p0_clean,done,0.5959,0.5557,85.49,27.81,115.33
count_N80,80,0,9,4951004,/scratch/marzii/imitation_runs/demos/noisy_demos/lunarlander/expert_4720242/n100_p0_clean,done,0.5959,0.5837,149.60,86.65,142.21
count_N30,30,0,0,4951026,/scratch/marzii/imitation_runs/demos/noisy_demos/lunarlander/expert_4720242/n100_p0_clean,done,0.5959,0.5146,107.43,64.40,123.46
count_N30,30,0,1,4951027,/scratch/marzii/imitation_runs/demos/noisy_demos/lunarlander/expert_4720242/n100_p0_clean,done,0.5959,0.5879,100.74,20.95,146.59
count_N30,30,0,2,4951028,/scratch/marzii/imitation_runs/demos/noisy_demos/lunarlander/expert_4720242/n100_p0_clean,done,0.5959,0.5843,93.79,18.47,105.78
count_N30,30,0,3,4951029,/scratch/marzii/imitation_runs/demos/noisy_demos/lunarlander/expert_4720242/n100_p0_clean,done,0.5959,0.6039,175.00,94.37,133.97
count_N30,30,0,4,4951030,/scratch/marzii/imitation_runs/demos/noisy_demos/lunarlander/expert_4720242/n100_p0_clean,done,0.5959,0.4302,65.92,16.85,91.06
count_N30,30,0,5,4951031,/scratch/marzii/imitation_runs/demos/noisy_demos/lunarlander/expert_4720242/n100_p0_clean,done,0.5959,0.6132,100.14,35.87,122.43
count_N30,30,0,6,4951032,/scratch/marzii/imitation_runs/demos/noisy_demos/lunarlander/expert_4720242/n100_p0_clean,done,0.5959,0.5866,142.53,65.92,110.85
count_N30,30,0,7,4951033,/scratch/marzii/imitation_runs/demos/noisy_demos/lunarlander/expert_4720242/n100_p0_clean,done,0.5959,0.3978,83.64,20.26,114.13
count_N30,30,0,8,4951034,/scratch/marzii/imitation_runs/demos/noisy_demos/lunarlander/expert_4720242/n100_p0_clean,done,0.5959,0.5296,162.41,84.73,143.28
count_N30,30,0,9,4951035,/scratch/marzii/imitation_runs/demos/noisy_demos/lunarlander/expert_4720242/n100_p0_clean,done,0.5959,0.6557,257.72,47.07,115.30
count_N40,40,0,0,4951036,/scratch/marzii/imitation_runs/demos/noisy_demos/lunarlander/expert_4720242/n100_p0_clean,done,0.5959,0.4091,76.90,21.93,129.35
count_N40,40,0,1,4951037,/scratch/marzii/imitation_runs/demos/noisy_demos/lunarlander/expert_4720242/n100_p0_clean,done,0.5959,0.5909,186.94,90.06,116.54
count_N40,40,0,2,4951038,/scratch/marzii/imitation_runs/demos/noisy_demos/lunarlander/expert_4720242/n100_p0_clean,done,0.5959,0.5586,93.00,83.96,108.44
count_N40,40,0,3,4951039,/scratch/marzii/imitation_runs/demos/noisy_demos/lunarlander/expert_4720242/n100_p0_clean,done,0.5959,0.5376,99.32,58.91,106.70
count_N40,40,0,4,4951040,/scratch/marzii/imitation_runs/demos/noisy_demos/lunarlander/expert_4720242/n100_p0_clean,done,0.5959,0.5623,81.52,23.81,120.82
count_N40,40,0,5,4951041,/scratch/marzii/imitation_runs/demos/noisy_demos/lunarlander/expert_4720242/n100_p0_clean,done,0.5959,0.3943,70.08,23.58,128.15
count_N40,40,0,6,4951042,/scratch/marzii/imitation_runs/demos/noisy_demos/lunarlander/expert_4720242/n100_p0_clean,done,0.5959,0.5450,167.26,83.24,120.92
count_N40,40,0,7,4951043,/scratch/marzii/imitation_runs/demos/noisy_demos/lunarlander/expert_4720242/n100_p0_clean,done,0.5959,0.5767,137.08,64.15,137.28
count_N40,40,0,8,4951044,/scratch/marzii/imitation_runs/demos/noisy_demos/lunarlander/expert_4720242/n100_p0_clean,done,0.5959,0.3290,66.67,19.94,129.64
count_N40,40,0,9,4951045,/scratch/marzii/imitation_runs/demos/noisy_demos/lunarlander/expert_4720242/n100_p0_clean,done,0.5959,0.6046,228.53,63.82,110.36
count_N60,60,0,0,4951046,/scratch/marzii/imitation_runs/demos/noisy_demos/lunarlander/expert_4720242/n100_p0_clean,done,0.5959,0.5115,88.79,19.87,131.93
count_N60,60,0,1,4951047,/scratch/marzii/imitation_runs/demos/noisy_demos/lunarlander/expert_4720242/n100_p0_clean,done,0.5959,0.5005,69.87,50.21,114.08
count_N60,60,0,2,4951048,/scratch/marzii/imitation_runs/demos/noisy_demos/lunarlander/expert_4720242/n100_p0_clean,done,0.5959,0.5559,177.28,72.07,127.86
count_N60,60,0,3,4951049,/scratch/marzii/imitation_runs/demos/noisy_demos/lunarlander/expert_4720242/n100_p0_clean,done,0.5959,0.5608,91.22,23.82,126.73
count_N60,60,0,4,4951050,/scratch/marzii/imitation_runs/demos/noisy_demos/lunarlander/expert_4720242/n100_p0_clean,done,0.5959,0.4907,77.74,18.13,109.75
count_N60,60,0,5,4951051,/scratch/marzii/imitation_runs/demos/noisy_demos/lunarlander/expert_4720242/n100_p0_clean,done,0.5959,0.4131,76.87,21.06,124.58
count_N60,60,0,6,4951052,/scratch/marzii/imitation_runs/demos/noisy_demos/lunarlander/expert_4720242/n100_p0_clean,done,0.5959,0.5935,87.84,18.14,131.03
count_N60,60,0,7,4951053,/scratch/marzii/imitation_runs/demos/noisy_demos/lunarlander/expert_4720242/n100_p0_clean,done,0.5959,0.6224,110.22,46.93,113.14
count_N60,60,0,8,4951054,/scratch/marzii/imitation_runs/demos/noisy_demos/lunarlander/expert_4720242/n100_p0_clean,done,0.5959,0.5959,110.86,42.91,94.50
count_N60,60,0,9,4951055,/scratch/marzii/imitation_runs/demos/noisy_demos/lunarlander/expert_4720242/n100_p0_clean,done,0.5959,0.5739,161.79,76.47,128.48
count_N150,150,0,0,4951056,/scratch/marzii/imitation_runs/demos/noisy_demos/lunarlander/expert_4720242/n100_p0_clean,done,0.5959,0.6127,121.04,55.81,102.39
count_N150,150,0,1,4951057,/scratch/marzii/imitation_runs/demos/noisy_demos/lunarlander/expert_4720242/n100_p0_clean,done,0.5959,0.5945,138.57,63.97,127.53
count_N150,150,0,2,4951058,/scratch/marzii/imitation_runs/demos/noisy_demos/lunarlander/expert_4720242/n100_p0_clean,done,0.5959,0.4533,76.14,16.99,131.54
count_N150,150,0,3,4951059,/scratch/marzii/imitation_runs/demos/noisy_demos/lunarlander/expert_4720242/n100_p0_clean,done,0.5959,0.4983,78.66,20.18,132.13
count_N150,150,0,4,4951060,/scratch/marzii/imitation_runs/demos/noisy_demos/lunarlander/expert_4720242/n100_p0_clean,done,0.5959,0.5755,238.72,42.94,117.73
count_N150,150,0,5,4951061,/scratch/marzii/imitation_runs/demos/noisy_demos/lunarlander/expert_4720242/n100_p0_clean,done,0.5959,0.5919,113.44,75.88,108.74
count_N150,150,0,6,4951062,/scratch/marzii/imitation_runs/demos/noisy_demos/lunarlander/expert_4720242/n100_p0_clean,done,0.5959,0.4086,77.52,23.65,122.37
count_N150,150,0,7,4951063,/scratch/marzii/imitation_runs/demos/noisy_demos/lunarlander/expert_4720242/n100_p0_clean,done,0.5959,0.4779,85.72,19.05,110.08
count_N150,150,0,8,4951064,/scratch/marzii/imitation_runs/demos/noisy_demos/lunarlander/expert_4720242/n100_p0_clean,done,0.5959,0.4765,42.72,84.16,112.78
count_N150,150,0,9,4951065,/scratch/marzii/imitation_runs/demos/noisy_demos/lunarlander/expert_4720242/n100_p0_clean,done,0.5959,0.4794,73.58,49.22,136.69
noise_p10,100,10,0,4951066,/scratch/marzii/imitation_runs/demos/noisy_demos/lunarlander/expert_4720242/n100_p10_s0,done,,0.4210,78.64,18.91,117.62
noise_p10,100,10,1,4951067,/scratch/marzii/imitation_runs/demos/noisy_demos/lunarlander/expert_4720242/n100_p10_s1,done,0.5625,0.5354,83.80,43.72,103.60
noise_p10,100,10,2,4951068,/scratch/marzii/imitation_runs/demos/noisy_demos/lunarlander/expert_4720242/n100_p10_s2,done,0.5608,0.5529,137.48,87.37,106.65
noise_p10,100,10,3,4951069,/scratch/marzii/imitation_runs/demos/noisy_demos/lunarlander/expert_4720242/n100_p10_s3,done,0.5613,0.6213,125.13,77.46,116.04
noise_p10,100,10,4,4951070,/scratch/marzii/imitation_runs/demos/noisy_demos/lunarlander/expert_4720242/n100_p10_s4,done,0.5611,0.5649,82.43,21.92,117.53
noise_p10,100,10,5,4951071,/scratch/marzii/imitation_runs/demos/noisy_demos/lunarlander/expert_4720242/n100_p10_s5,done,0.5615,0.5798,163.72,71.89,113.94
noise_p10,100,10,6,4951072,/scratch/marzii/imitation_runs/demos/noisy_demos/lunarlander/expert_4720242/n100_p10_s6,done,0.5626,0.5200,115.90,59.32,113.53
noise_p10,100,10,7,4951073,/scratch/marzii/imitation_runs/demos/noisy_demos/lunarlander/expert_4720242/n100_p10_s7,done,0.5638,0.4824,92.29,27.07,120.95
noise_p10,100,10,8,4951074,/scratch/marzii/imitation_runs/demos/noisy_demos/lunarlander/expert_4720242/n100_p10_s8,done,0.5615,0.5784,75.52,38.71,104.18
noise_p10,100,10,9,4951075,/scratch/marzii/imitation_runs/demos/noisy_demos/lunarlander/expert_4720242/n100_p10_s9,done,0.5624,0.4687,86.94,43.75,114.67
noise_p20,100,20,0,4951076,/scratch/marzii/imitation_runs/demos/noisy_demos/lunarlander/expert_4720242/n100_p20_s0,done,0.5265,0.5271,114.40,39.75,106.22
noise_p20,100,20,1,4951077,/scratch/marzii/imitation_runs/demos/noisy_demos/lunarlander/expert_4720242/n100_p20_s1,done,0.5266,0.6015,108.42,30.16,136.34
noise_p20,100,20,2,4951078,/scratch/marzii/imitation_runs/demos/noisy_demos/lunarlander/expert_4720242/n100_p20_s2,done,0.5258,0.6061,181.54,86.66,110.22
noise_p20,100,20,3,4951079,/scratch/marzii/imitation_runs/demos/noisy_demos/lunarlander/expert_4720242/n100_p20_s3,done,0.5259,0.6234,92.03,20.80,123.79
noise_p20,100,20,4,4951080,/scratch/marzii/imitation_runs/demos/noisy_demos/lunarlander/expert_4720242/n100_p20_s4,done,0.5249,0.5724,104.19,52.24,112.98
noise_p20,100,20,5,4951081,/scratch/marzii/imitation_runs/demos/noisy_demos/lunarlander/expert_4720242/n100_p20_s5,done,0.5261,0.5190,124.75,101.62,114.52
noise_p20,100,20,6,4951082,/scratch/marzii/imitation_runs/demos/noisy_demos/lunarlander/expert_4720242/n100_p20_s6,done,0.5286,0.5547,211.97,68.19,118.65
noise_p20,100,20,7,4951083,/scratch/marzii/imitation_runs/demos/noisy_demos/lunarlander/expert_4720242/n100_p20_s7,done,0.5286,0.5381,87.15,53.96,143.32
noise_p20,100,20,8,4951084,/scratch/marzii/imitation_runs/demos/noisy_demos/lunarlander/expert_4720242/n100_p20_s8,done,0.5275,0.6045,83.51,46.53,122.09
noise_p20,100,20,9,4951085,/scratch/marzii/imitation_runs/demos/noisy_demos/lunarlander/expert_4720242/n100_p20_s9,done,0.5267,0.6199,212.17,66.08,92.88
noise_p30,100,30,0,4951086,/scratch/marzii/imitation_runs/demos/noisy_demos/lunarlander/expert_4720242/n100_p30_s0,done,0.4920,0.3774,86.55,21.84,104.25
noise_p30,100,30,1,4951087,/scratch/marzii/imitation_runs/demos/noisy_demos/lunarlander/expert_4720242/n100_p30_s1,done,0.4912,0.6162,142.45,50.47,113.19
noise_p30,100,30,2,4951088,/scratch/marzii/imitation_runs/demos/noisy_demos/lunarlander/expert_4720242/n100_p30_s2,done,0.4914,0.5510,181.94,66.04,120.54
noise_p30,100,30,3,4951089,/scratch/marzii/imitation_runs/demos/noisy_demos/lunarlander/expert_4720242/n100_p30_s3,done,0.4920,0.6080,241.80,65.21,106.41
noise_p30,100,30,4,4951090,/scratch/marzii/imitation_runs/demos/noisy_demos/lunarlander/expert_4720242/n100_p30_s4,done,0.4908,0.6275,185.45,106.87,94.54
noise_p30,100,30,5,4951091,/scratch/marzii/imitation_runs/demos/noisy_demos/lunarlander/expert_4720242/n100_p30_s5,done,0.4915,0.5793,95.36,56.39,106.39
noise_p30,100,30,6,4951092,/scratch/marzii/imitation_runs/demos/noisy_demos/lunarlander/expert_4720242/n100_p30_s6,done,0.4917,0.5262,82.70,21.09,120.43
noise_p30,100,30,7,4951093,/scratch/marzii/imitation_runs/demos/noisy_demos/lunarlander/expert_4720242/n100_p30_s7,done,0.4919,0.5424,97.28,31.84,131.90
noise_p30,100,30,8,4951094,/scratch/marzii/imitation_runs/demos/noisy_demos/lunarlander/expert_4720242/n100_p30_s8,done,0.4931,0.5714,127.79,67.81,62.40
noise_p30,100,30,9,4951095,/scratch/marzii/imitation_runs/demos/noisy_demos/lunarlander/expert_4720242/n100_p30_s9,done,0.4912,0.6120,145.68,89.59,93.04
noise_p40,100,40,0,4951096,/scratch/marzii/imitation_runs/demos/noisy_demos/lunarlander/expert_4720242/n100_p40_s0,done,0.4576,0.6163,259.56,45.52,88.27
noise_p40,100,40,1,4951097,/scratch/marzii/imitation_runs/demos/noisy_demos/lunarlander/expert_4720242/n100_p40_s1,done,0.4557,0.5686,162.31,72.04,112.46
noise_p40,100,40,2,4951098,/scratch/marzii/imitation_runs/demos/noisy_demos/lunarlander/expert_4720242/n100_p40_s2,done,0.4566,0.5068,104.98,52.07,128.62
noise_p40,100,40,3,4951099,/scratch/marzii/imitation_runs/demos/noisy_demos/lunarlander/expert_4720242/n100_p40_s3,done,0.4580,0.2710,53.74,20.95,95.25
noise_p40,100,40,4,4951100,/scratch/marzii/imitation_runs/demos/noisy_demos/lunarlander/expert_4720242/n100_p40_s4,done,0.4566,0.5256,92.73,46.49,131.15
noise_p40,100,40,5,4951101,/scratch/marzii/imitation_runs/demos/noisy_demos/lunarlander/expert_4720242/n100_p40_s5,done,0.4593,0.6370,192.79,98.51,102.75
noise_p40,100,40,6,4951102,/scratch/marzii/imitation_runs/demos/noisy_demos/lunarlander/expert_4720242/n100_p40_s6,done,0.4558,0.5940,97.44,21.48,119.28
noise_p40,100,40,7,4951103,/scratch/marzii/imitation_runs/demos/noisy_demos/lunarlander/expert_4720242/n100_p40_s7,done,0.4570,0.4789,52.91,33.33,112.65
noise_p40,100,40,8,4951104,/scratch/marzii/imitation_runs/demos/noisy_demos/lunarlander/expert_4720242/n100_p40_s8,done,0.4570,0.5955,206.89,75.02,99.31
noise_p40,100,40,9,4951105,/scratch/marzii/imitation_runs/demos/noisy_demos/lunarlander/expert_4720242/n100_p40_s9,done,0.4566,0.5416,164.71,52.24,79.43
noise_p60,100,60,0,4951106,/scratch/marzii/imitation_runs/demos/noisy_demos/lunarlander/expert_4720242/n100_p60_s0,done,0.3866,0.6243,87.27,17.97,92.08
noise_p60,100,60,1,4951107,/scratch/marzii/imitation_runs/demos/noisy_demos/lunarlander/expert_4720242/n100_p60_s1,done,0.3863,0.5245,88.82,27.82,99.10
noise_p60,100,60,2,4951108,/scratch/marzii/imitation_runs/demos/noisy_demos/lunarlander/expert_4720242/n100_p60_s2,done,0.3888,0.5290,98.71,19.93,87.95
noise_p60,100,60,3,4951109,/scratch/marzii/imitation_runs/demos/noisy_demos/lunarlander/expert_4720242/n100_p60_s3,done,0.3893,0.4757,101.85,67.55,95.26
noise_p60,100,60,4,4951110,/scratch/marzii/imitation_runs/demos/noisy_demos/lunarlander/expert_4720242/n100_p60_s4,done,0.3889,0.6233,84.38,28.36,95.62
noise_p60,100,60,5,4951111,/scratch/marzii/imitation_runs/demos/noisy_demos/lunarlander/expert_4720242/n100_p60_s5,done,0.3894,0.5120,80.07,26.68,114.74
noise_p60,100,60,6,4951112,/scratch/marzii/imitation_runs/demos/noisy_demos/lunarlander/expert_4720242/n100_p60_s6,done,0.3890,0.5941,152.61,106.84,92.33
noise_p60,100,60,7,4951113,/scratch/marzii/imitation_runs/demos/noisy_demos/lunarlander/expert_4720242/n100_p60_s7,done,0.3874,0.5845,212.95,61.39,133.92
noise_p60,100,60,8,4951114,/scratch/marzii/imitation_runs/demos/noisy_demos/lunarlander/expert_4720242/n100_p60_s8,done,0.3882,0.5563,64.38,106.37,56.20
noise_p60,100,60,9,4951115,/scratch/marzii/imitation_runs/demos/noisy_demos/lunarlander/expert_4720242/n100_p60_s9,done,0.3882,0.5376,90.79,21.08,113.31
noise_p70,100,70,0,4951116,/scratch/marzii/imitation_runs/demos/noisy_demos/lunarlander/expert_4720242/n100_p70_s0,done,0.3531,0.6320,217.60,69.62,102.03
noise_p70,100,70,1,4951117,/scratch/marzii/imitation_runs/demos/noisy_demos/lunarlander/expert_4720242/n100_p70_s1,done,0.3524,0.2676,77.59,20.45,90.86
noise_p70,100,70,2,4951118,/scratch/marzii/imitation_runs/demos/noisy_demos/lunarlander/expert_4720242/n100_p70_s2,done,0.3531,0.4341,79.73,26.11,105.97
noise_p70,100,70,3,4951119,/scratch/marzii/imitation_runs/demos/noisy_demos/lunarlander/expert_4720242/n100_p70_s3,done,0.3549,0.5122,82.21,39.88,115.66
noise_p70,100,70,4,4951120,/scratch/marzii/imitation_runs/demos/noisy_demos/lunarlander/expert_4720242/n100_p70_s4,done,0.3530,0.4645,88.13,21.86,106.44
noise_p70,100,70,5,4951121,/scratch/marzii/imitation_runs/demos/noisy_demos/lunarlander/expert_4720242/n100_p70_s5,done,0.3548,0.4516,126.46,23.69,78.49
noise_p70,100,70,6,4951122,/scratch/marzii/imitation_runs/demos/noisy_demos/lunarlander/expert_4720242/n100_p70_s6,done,0.3559,0.5086,112.66,26.87,113.23
noise_p70,100,70,7,4951123,/scratch/marzii/imitation_runs/demos/noisy_demos/lunarlander/expert_4720242/n100_p70_s7,done,0.3541,0.6470,236.72,66.00,109.94
noise_p70,100,70,8,4951124,/scratch/marzii/imitation_runs/demos/noisy_demos/lunarlander/expert_4720242/n100_p70_s8,done,0.3546,0.6396,233.51,79.19,107.02
noise_p70,100,70,9,4951125,/scratch/marzii/imitation_runs/demos/noisy_demos/lunarlander/expert_4720242/n100_p70_s9,done,0.3536,0.5622,107.75,34.74,84.46
noise_p80,100,80,0,4951126,/scratch/marzii/imitation_runs/demos/noisy_demos/lunarlander/expert_4720242/n100_p80_s0,done,0.3191,0.4098,81.40,32.03,106.84
noise_p80,100,80,1,4951127,/scratch/marzii/imitation_runs/demos/noisy_demos/lunarlander/expert_4720242/n100_p80_s1,done,0.3199,0.6049,94.86,21.06,89.83
noise_p80,100,80,2,4951128,/scratch/marzii/imitation_runs/demos/noisy_demos/lunarlander/expert_4720242/n100_p80_s2,done,0.3177,0.5946,96.63,42.66,71.46
noise_p80,100,80,3,4951129,/scratch/marzii/imitation_runs/demos/noisy_demos/lunarlander/expert_4720242/n100_p80_s3,done,0.3215,0.4539,35.11,96.53,111.60
noise_p80,100,80,4,4951130,/scratch/marzii/imitation_runs/demos/noisy_demos/lunarlander/expert_4720242/n100_p80_s4,done,0.3184,0.5024,57.33,38.03,88.50
noise_p80,100,80,5,4951131,/scratch/marzii/imitation_runs/demos/noisy_demos/lunarlander/expert_4720242/n100_p80_s5,done,0.3186,0.5888,102.66,22.50,74.01
noise_p80,100,80,6,4951132,/scratch/marzii/imitation_runs/demos/noisy_demos/lunarlander/expert_4720242/n100_p80_s6,done,0.3203,0.5963,134.01,70.05,83.61
noise_p80,100,80,7,4951133,/scratch/marzii/imitation_runs/demos/noisy_demos/lunarlander/expert_4720242/n100_p80_s7,done,0.3208,0.3919,118.98,26.19,109.09
noise_p80,100,80,8,4951134,/scratch/marzii/imitation_runs/demos/noisy_demos/lunarlander/expert_4720242/n100_p80_s8,done,0.3197,0.4993,123.45,45.84,112.24
noise_p80,100,80,9,4951135,/scratch/marzii/imitation_runs/demos/noisy_demos/lunarlander/expert_4720242/n100_p80_s9,done,0.3198,0.6073,139.84,123.77,93.98
noise_p90,100,90,0,4951136,/scratch/marzii/imitation_runs/demos/noisy_demos/lunarlander/expert_4720242/n100_p90_s0,done,0.2840,0.2489,76.73,29.03,93.48
noise_p90,100,90,1,4951137,/scratch/marzii/imitation_runs/demos/noisy_demos/lunarlander/expert_4720242/n100_p90_s1,done,0.2853,0.4038,120.61,77.38,111.39
noise_p90,100,90,2,4951138,/scratch/marzii/imitation_runs/demos/noisy_demos/lunarlander/expert_4720242/n100_p90_s2,done,0.2846,0.5186,103.32,32.67,86.71
noise_p90,100,90,3,4951139,/scratch/marzii/imitation_runs/demos/noisy_demos/lunarlander/expert_4720242/n100_p90_s3,done,0.2861,0.3847,134.67,33.89,110.80
noise_p90,100,90,4,4951140,/scratch/marzii/imitation_runs/demos/noisy_demos/lunarlander/expert_4720242/n100_p90_s4,done,0.2851,0.4056,33.90,23.70,81.16
noise_p90,100,90,5,4951141,/scratch/marzii/imitation_runs/demos/noisy_demos/lunarlander/expert_4720242/n100_p90_s5,done,0.2847,0.4184,45.92,21.08,100.39
noise_p90,100,90,6,4951142,/scratch/marzii/imitation_runs/demos/noisy_demos/lunarlander/expert_4720242/n100_p90_s6,done,0.2859,0.1695,72.01,20.78,112.97
noise_p90,100,90,7,4951143,/scratch/marzii/imitation_runs/demos/noisy_demos/lunarlander/expert_4720242/n100_p90_s7,done,0.2859,0.4813,66.08,65.75,93.39
noise_p90,100,90,8,4951144,/scratch/marzii/imitation_runs/demos/noisy_demos/lunarlander/expert_4720242/n100_p90_s8,done,0.2835,0.5542,90.19,18.53,102.45
noise_p90,100,90,9,4951145,/scratch/marzii/imitation_runs/demos/noisy_demos/lunarlander/expert_4720242/n100_p90_s9,done,0.2834,0.4269,112.19,41.49,115.55
noise_online_p10,100,10,0,4953343,/scratch/marzii/imitation_runs/demos/noisy_demos_online/lunarlander/expert_4720242/n100_p10_s0,done,0.6120,0.5466,92.81,134.01,118.84
noise_online_p10,100,10,1,4953344,/scratch/marzii/imitation_runs/demos/noisy_demos_online/lunarlander/expert_4720242/n100_p10_s1,done,0.6048,0.5960,207.71,76.11,122.12
noise_online_p10,100,10,2,4953345,/scratch/marzii/imitation_runs/demos/noisy_demos_online/lunarlander/expert_4720242/n100_p10_s2,done,0.6110,0.5669,176.52,70.37,116.71
noise_online_p10,100,10,3,4953346,/scratch/marzii/imitation_runs/demos/noisy_demos_online/lunarlander/expert_4720242/n100_p10_s3,done,0.6038,0.5977,66.40,58.62,105.72
noise_online_p10,100,10,4,4953347,/scratch/marzii/imitation_runs/demos/noisy_demos_online/lunarlander/expert_4720242/n100_p10_s4,done,0.6133,0.5943,99.79,29.90,140.05
noise_online_p10,100,10,5,4953348,/scratch/marzii/imitation_runs/demos/noisy_demos_online/lunarlander/expert_4720242/n100_p10_s5,done,0.6032,0.6158,98.32,22.92,99.50
noise_online_p10,100,10,6,4953349,/scratch/marzii/imitation_runs/demos/noisy_demos_online/lunarlander/expert_4720242/n100_p10_s6,done,0.5993,0.3885,50.69,59.24,113.24
noise_online_p10,100,10,7,4953350,/scratch/marzii/imitation_runs/demos/noisy_demos_online/lunarlander/expert_4720242/n100_p10_s7,done,0.6012,0.6124,92.21,55.95,66.24
noise_online_p10,100,10,8,4953351,/scratch/marzii/imitation_runs/demos/noisy_demos_online/lunarlander/expert_4720242/n100_p10_s8,done,0.6026,0.6120,130.88,90.35,113.24
noise_online_p10,100,10,9,4953352,/scratch/marzii/imitation_runs/demos/noisy_demos_online/lunarlander/expert_4720242/n100_p10_s9,done,0.6006,0.4015,79.83,19.29,132.56
noise_online_p20,100,20,0,4953353,/scratch/marzii/imitation_runs/demos/noisy_demos_online/lunarlander/expert_4720242/n100_p20_s0,done,0.6032,0.6035,117.12,59.69,83.41
noise_online_p20,100,20,1,4953354,/scratch/marzii/imitation_runs/demos/noisy_demos_online/lunarlander/expert_4720242/n100_p20_s1,done,0.5967,0.5693,95.66,36.86,130.28
noise_online_p20,100,20,2,4953355,/scratch/marzii/imitation_runs/demos/noisy_demos_online/lunarlander/expert_4720242/n100_p20_s2,done,0.6021,0.6120,172.65,120.84,99.54
noise_online_p20,100,20,3,4953356,/scratch/marzii/imitation_runs/demos/noisy_demos_online/lunarlander/expert_4720242/n100_p20_s3,done,0.5937,0.6277,91.47,44.35,95.12
noise_online_p20,100,20,4,4953357,/scratch/marzii/imitation_runs/demos/noisy_demos_online/lunarlander/expert_4720242/n100_p20_s4,done,0.5913,0.6196,203.55,56.59,112.09
noise_online_p20,100,20,5,4953358,/scratch/marzii/imitation_runs/demos/noisy_demos_online/lunarlander/expert_4720242/n100_p20_s5,done,0.6062,0.6368,239.97,51.70,127.27
noise_online_p20,100,20,6,4953359,/scratch/marzii/imitation_runs/demos/noisy_demos_online/lunarlander/expert_4720242/n100_p20_s6,done,0.5932,0.6350,194.04,76.30,116.23
noise_online_p20,100,20,7,4953360,/scratch/marzii/imitation_runs/demos/noisy_demos_online/lunarlander/expert_4720242/n100_p20_s7,done,0.6007,0.5695,157.77,78.39,103.62
noise_online_p20,100,20,8,4953361,/scratch/marzii/imitation_runs/demos/noisy_demos_online/lunarlander/expert_4720242/n100_p20_s8,done,0.6107,0.5590,145.03,123.82,110.24
noise_online_p20,100,20,9,4953362,/scratch/marzii/imitation_runs/demos/noisy_demos_online/lunarlander/expert_4720242/n100_p20_s9,done,0.5850,0.5875,224.00,78.46,100.65
noise_online_p25,100,25,0,4953363,/scratch/marzii/imitation_runs/demos/noisy_demos_online/lunarlander/expert_4720242/n100_p25_s0,done,0.5899,0.5977,96.71,80.80,69.08
noise_online_p25,100,25,1,4953364,/scratch/marzii/imitation_runs/demos/noisy_demos_online/lunarlander/expert_4720242/n100_p25_s1,done,0.5765,0.6470,167.04,120.15,102.15
noise_online_p25,100,25,2,4953365,/scratch/marzii/imitation_runs/demos/noisy_demos_online/lunarlander/expert_4720242/n100_p25_s2,done,0.5905,0.5803,177.30,98.54,94.88
noise_online_p25,100,25,3,4953366,/scratch/marzii/imitation_runs/demos/noisy_demos_online/lunarlander/expert_4720242/n100_p25_s3,done,0.5916,0.5915,151.93,96.70,93.39
noise_online_p25,100,25,4,4953367,/scratch/marzii/imitation_runs/demos/noisy_demos_online/lunarlander/expert_4720242/n100_p25_s4,done,0.5887,0.6090,184.03,113.72,98.98
noise_online_p25,100,25,5,4953368,/scratch/marzii/imitation_runs/demos/noisy_demos_online/lunarlander/expert_4720242/n100_p25_s5,done,0.5853,0.5457,96.14,26.83,133.58
noise_online_p25,100,25,6,4953369,/scratch/marzii/imitation_runs/demos/noisy_demos_online/lunarlander/expert_4720242/n100_p25_s6,done,0.5866,0.6276,255.39,35.22,121.91
noise_online_p25,100,25,7,4953370,/scratch/marzii/imitation_runs/demos/noisy_demos_online/lunarlander/expert_4720242/n100_p25_s7,done,0.5921,0.6139,213.92,88.45,107.54
noise_online_p25,100,25,8,4953371,/scratch/marzii/imitation_runs/demos/noisy_demos_online/lunarlander/expert_4720242/n100_p25_s8,done,0.6060,0.5998,97.01,127.26,100.87
noise_online_p25,100,25,9,4953372,/scratch/marzii/imitation_runs/demos/noisy_demos_online/lunarlander/expert_4720242/n100_p25_s9,done,0.5907,0.6075,116.45,89.50,89.22
noise_online_p30,100,30,0,4953373,/scratch/marzii/imitation_runs/demos/noisy_demos_online/lunarlander/expert_4720242/n100_p30_s0,done,0.5716,0.4718,140.50,79.27,102.77
noise_online_p30,100,30,1,4953374,/scratch/marzii/imitation_runs/demos/noisy_demos_online/lunarlander/expert_4720242/n100_p30_s1,done,0.5809,0.5457,48.46,71.97,80.61
noise_online_p30,100,30,2,4953375,/scratch/marzii/imitation_runs/demos/noisy_demos_online/lunarlander/expert_4720242/n100_p30_s2,done,0.5695,0.5773,92.70,38.17,98.44
noise_online_p30,100,30,3,4953376,/scratch/marzii/imitation_runs/demos/noisy_demos_online/lunarlander/expert_4720242/n100_p30_s3,done,0.5826,0.6691,96.52,28.77,106.95
noise_online_p30,100,30,4,4953377,/scratch/marzii/imitation_runs/demos/noisy_demos_online/lunarlander/expert_4720242/n100_p30_s4,done,0.5768,0.6159,206.65,86.22,81.35
noise_online_p30,100,30,5,4953378,/scratch/marzii/imitation_runs/demos/noisy_demos_online/lunarlander/expert_4720242/n100_p30_s5,done,0.5763,0.4256,-24.32,74.67,65.57
noise_online_p30,100,30,6,4953379,/scratch/marzii/imitation_runs/demos/noisy_demos_online/lunarlander/expert_4720242/n100_p30_s6,done,0.5764,0.5882,158.65,124.48,112.24
noise_online_p30,100,30,7,4953380,/scratch/marzii/imitation_runs/demos/noisy_demos_online/lunarlander/expert_4720242/n100_p30_s7,done,0.5775,0.6230,225.19,72.81,110.45
noise_online_p30,100,30,8,4953381,/scratch/marzii/imitation_runs/demos/noisy_demos_online/lunarlander/expert_4720242/n100_p30_s8,done,0.5849,0.6058,94.61,22.43,88.42
noise_online_p30,100,30,9,4953382,/scratch/marzii/imitation_runs/demos/noisy_demos_online/lunarlander/expert_4720242/n100_p30_s9,done,0.5769,0.6397,186.00,111.97,84.58
noise_online_p40,100,40,0,4953383,/scratch/marzii/imitation_runs/demos/noisy_demos_online/lunarlander/expert_4720242/n100_p40_s0,done,0.5510,0.4837,2.09,164.19,85.26
noise_online_p40,100,40,1,4953384,/scratch/marzii/imitation_runs/demos/noisy_demos_online/lunarlander/expert_4720242/n100_p40_s1,done,0.5476,0.1847,-337.25,149.17,26.34
noise_online_p40,100,40,2,4953385,/scratch/marzii/imitation_runs/demos/noisy_demos_online/lunarlander/expert_4720242/n100_p40_s2,done,0.5419,0.6350,166.48,121.85,39.00
noise_online_p40,100,40,3,4953386,/scratch/marzii/imitation_runs/demos/noisy_demos_online/lunarlander/expert_4720242/n100_p40_s3,done,0.5461,0.5736,46.18,131.97,34.91
noise_online_p40,100,40,4,4953387,/scratch/marzii/imitation_runs/demos/noisy_demos_online/lunarlander/expert_4720242/n100_p40_s4,done,0.5457,0.4671,58.91,37.82,84.18
noise_online_p40,100,40,5,4953388,/scratch/marzii/imitation_runs/demos/noisy_demos_online/lunarlander/expert_4720242/n100_p40_s5,done,0.5427,0.4043,-54.60,226.38,56.46
noise_online_p40,100,40,6,4953389,/scratch/marzii/imitation_runs/demos/noisy_demos_online/lunarlander/expert_4720242/n100_p40_s6,done,0.5457,0.3406,66.84,28.22,-134.63
noise_online_p40,100,40,7,4953390,/scratch/marzii/imitation_runs/demos/noisy_demos_online/lunarlander/expert_4720242/n100_p40_s7,done,0.5511,0.4655,152.78,59.43,63.11
noise_online_p40,100,40,8,4953391,/scratch/marzii/imitation_runs/demos/noisy_demos_online/lunarlander/expert_4720242/n100_p40_s8,done,0.5578,0.5064,175.23,87.45,28.23
noise_online_p40,100,40,9,4953392,/scratch/marzii/imitation_runs/demos/noisy_demos_online/lunarlander/expert_4720242/n100_p40_s9,done,0.5494,0.3535,120.43,54.82,79.25
noise_online_p50,100,50,0,4953393,/scratch/marzii/imitation_runs/demos/noisy_demos_online/lunarlander/expert_4720242/n100_p50_s0,done,0.5144,0.5093,11.41,87.54,-60.77
noise_online_p50,100,50,1,4953394,/scratch/marzii/imitation_runs/demos/noisy_demos_online/lunarlander/expert_4720242/n100_p50_s1,done,0.5166,0.3825,76.81,123.24,26.19
noise_online_p50,100,50,2,4953395,/scratch/marzii/imitation_runs/demos/noisy_demos_online/lunarlander/expert_4720242/n100_p50_s2,done,0.5187,0.3581,-91.84,151.24,30.88
noise_online_p50,100,50,3,4953396,/scratch/marzii/imitation_runs/demos/noisy_demos_online/lunarlander/expert_4720242/n100_p50_s3,done,0.5107,0.4157,61.82,125.20,-9.35
noise_online_p50,100,50,4,4953397,/scratch/marzii/imitation_runs/demos/noisy_demos_online/lunarlander/expert_4720242/n100_p50_s4,done,0.5261,0.5442,54.66,148.94,48.66
noise_online_p50,100,50,5,4953398,/scratch/marzii/imitation_runs/demos/noisy_demos_online/lunarlander/expert_4720242/n100_p50_s5,done,0.5199,0.4478,-78.11,117.18,8.10
noise_online_p50,100,50,6,4953399,/scratch/marzii/imitation_runs/demos/noisy_demos_online/lunarlander/expert_4720242/n100_p50_s6,done,0.5153,0.5614,176.74,78.39,39.10
noise_online_p50,100,50,7,4953400,/scratch/marzii/imitation_runs/demos/noisy_demos_online/lunarlander/expert_4720242/n100_p50_s7,done,0.5298,0.4553,67.77,131.08,12.29
noise_online_p50,100,50,8,4953401,/scratch/marzii/imitation_runs/demos/noisy_demos_online/lunarlander/expert_4720242/n100_p50_s8,done,0.5194,0.6602,212.22,104.42,59.87
noise_online_p50,100,50,9,4953402,/scratch/marzii/imitation_runs/demos/noisy_demos_online/lunarlander/expert_4720242/n100_p50_s9,done,0.5185,0.5280,124.87,101.96,19.91
noise_online_p60,100,60,0,4953403,/scratch/marzii/imitation_runs/demos/noisy_demos_online/lunarlander/expert_4720242/n100_p60_s0,done,0.4694,0.4429,-148.43,114.10,-60.32
noise_online_p60,100,60,1,4953404,/scratch/marzii/imitation_runs/demos/noisy_demos_online/lunarlander/expert_4720242/n100_p60_s1,done,0.4779,0.2237,-167.09,145.27,28.46
noise_online_p60,100,60,2,4953405,/scratch/marzii/imitation_runs/demos/noisy_demos_online/lunarlander/expert_4720242/n100_p60_s2,done,0.4807,0.3971,20.78,128.78,12.35
noise_online_p60,100,60,3,4953406,/scratch/marzii/imitation_runs/demos/noisy_demos_online/lunarlander/expert_4720242/n100_p60_s3,done,0.4791,0.3722,-128.20,108.37,-88.36
noise_online_p60,100,60,4,4953407,/scratch/marzii/imitation_runs/demos/noisy_demos_online/lunarlander/expert_4720242/n100_p60_s4,done,0.4708,0.3454,-112.16,182.44,-75.84
noise_online_p60,100,60,5,4953408,/scratch/marzii/imitation_runs/demos/noisy_demos_online/lunarlander/expert_4720242/n100_p60_s5,done,0.4770,0.4118,-55.89,134.56,-110.27
noise_online_p60,100,60,6,4953409,/scratch/marzii/imitation_runs/demos/noisy_demos_online/lunarlander/expert_4720242/n100_p60_s6,done,0.4805,0.4452,42.82,122.11,-3.35
noise_online_p60,100,60,7,4953410,/scratch/marzii/imitation_runs/demos/noisy_demos_online/lunarlander/expert_4720242/n100_p60_s7,done,0.4799,0.4675,-28.87,189.05,-37.69
noise_online_p60,100,60,8,4953411,/scratch/marzii/imitation_runs/demos/noisy_demos_online/lunarlander/expert_4720242/n100_p60_s8,done,0.4808,0.3602,-248.78,136.25,-155.10
noise_online_p60,100,60,9,4953412,/scratch/marzii/imitation_runs/demos/noisy_demos_online/lunarlander/expert_4720242/n100_p60_s9,done,0.4772,0.2379,-310.86,233.35,-70.91
noise_online_p70,100,70,0,4953413,/scratch/marzii/imitation_runs/demos/noisy_demos_online/lunarlander/expert_4720242/n100_p70_s0,done,0.4251,0.3653,-110.03,128.96,-124.32
noise_online_p70,100,70,1,4953414,/scratch/marzii/imitation_runs/demos/noisy_demos_online/lunarlander/expert_4720242/n100_p70_s1,done,0.4359,0.4200,-11.68,163.49,-92.38
noise_online_p70,100,70,2,4953415,/scratch/marzii/imitation_runs/demos/noisy_demos_online/lunarlander/expert_4720242/n100_p70_s2,done,0.4191,0.3090,-74.85,60.50,-71.98
noise_online_p70,100,70,3,4953416,/scratch/marzii/imitation_runs/demos/noisy_demos_online/lunarlander/expert_4720242/n100_p70_s3,done,0.4277,0.2331,-274.75,71.64,-126.74
noise_online_p70,100,70,4,4953417,/scratch/marzii/imitation_runs/demos/noisy_demos_online/lunarlander/expert_4720242/n100_p70_s4,done,0.4191,0.2761,-202.53,107.05,-99.36
noise_online_p70,100,70,5,4953418,/scratch/marzii/imitation_runs/demos/noisy_demos_online/lunarlander/expert_4720242/n100_p70_s5,done,0.4296,0.4950,-29.48,63.94,-57.49
noise_online_p70,100,70,6,4953419,/scratch/marzii/imitation_runs/demos/noisy_demos_online/lunarlander/expert_4720242/n100_p70_s6,done,0.4331,0.3796,42.02,95.24,-118.72
noise_online_p70,100,70,7,4953420,/scratch/marzii/imitation_runs/demos/noisy_demos_online/lunarlander/expert_4720242/n100_p70_s7,done,0.4278,0.5389,-7.73,40.03,-92.78
noise_online_p70,100,70,8,4953421,/scratch/marzii/imitation_runs/demos/noisy_demos_online/lunarlander/expert_4720242/n100_p70_s8,done,0.4296,0.4096,-43.15,118.12,-31.82
noise_online_p70,100,70,9,4953422,/scratch/marzii/imitation_runs/demos/noisy_demos_online/lunarlander/expert_4720242/n100_p70_s9,done,0.4312,0.3480,-17.26,56.96,-82.81
noise_online_p75,100,75,0,4953423,/scratch/marzii/imitation_runs/demos/noisy_demos_online/lunarlander/expert_4720242/n100_p75_s0,done,0.4070,0.0869,-1375.58,284.54,-59.83
noise_online_p75,100,75,1,4953424,/scratch/marzii/imitation_runs/demos/noisy_demos_online/lunarlander/expert_4720242/n100_p75_s1,done,0.4037,0.3263,-139.33,118.61,-30.22
noise_online_p75,100,75,2,4953425,/scratch/marzii/imitation_runs/demos/noisy_demos_online/lunarlander/expert_4720242/n100_p75_s2,done,0.3991,0.3240,-147.89,100.35,-140.34
noise_online_p75,100,75,3,4953426,/scratch/marzii/imitation_runs/demos/noisy_demos_online/lunarlander/expert_4720242/n100_p75_s3,done,0.4000,0.3249,-192.75,76.74,-126.47
noise_online_p75,100,75,4,4953427,/scratch/marzii/imitation_runs/demos/noisy_demos_online/lunarlander/expert_4720242/n100_p75_s4,done,0.3973,0.2313,-180.92,88.79,-133.56
noise_online_p75,100,75,5,4953428,/scratch/marzii/imitation_runs/demos/noisy_demos_online/lunarlander/expert_4720242/n100_p75_s5,done,0.3972,0.3949,-93.85,95.09,-112.95
noise_online_p75,100,75,6,4953429,/scratch/marzii/imitation_runs/demos/noisy_demos_online/lunarlander/expert_4720242/n100_p75_s6,done,0.3993,0.2617,-218.94,39.65,-130.77
noise_online_p75,100,75,7,4953430,/scratch/marzii/imitation_runs/demos/noisy_demos_online/lunarlander/expert_4720242/n100_p75_s7,done,0.3996,0.3852,-237.60,195.26,-126.49
noise_online_p75,100,75,8,4953431,/scratch/marzii/imitation_runs/demos/noisy_demos_online/lunarlander/expert_4720242/n100_p75_s8,done,0.4092,0.3567,10.24,79.45,-98.99
noise_online_p75,100,75,9,4953432,/scratch/marzii/imitation_runs/demos/noisy_demos_online/lunarlander/expert_4720242/n100_p75_s9,done,0.4007,0.3024,-124.98,120.14,-142.31
noise_online_p80,100,80,0,4953433,/scratch/marzii/imitation_runs/demos/noisy_demos_online/lunarlander/expert_4720242/n100_p80_s0,done,0.3804,0.3464,-108.21,55.86,-160.05
noise_online_p80,100,80,1,4953434,/scratch/marzii/imitation_runs/demos/noisy_demos_online/lunarlander/expert_4720242/n100_p80_s1,done,0.3788,0.3864,-32.39,38.93,-128.47
noise_online_p80,100,80,2,4953435,/scratch/marzii/imitation_runs/demos/noisy_demos_online/lunarlander/expert_4720242/n100_p80_s2,done,0.3752,0.3996,-75.19,102.98,-91.19
noise_online_p80,100,80,3,4953436,/scratch/marzii/imitation_runs/demos/noisy_demos_online/lunarlander/expert_4720242/n100_p80_s3,done,0.3757,0.4231,-27.93,97.03,-153.58
noise_online_p80,100,80,4,4953437,/scratch/marzii/imitation_runs/demos/noisy_demos_online/lunarlander/expert_4720242/n100_p80_s4,done,0.3713,0.3389,-174.74,92.02,-138.17
noise_online_p80,100,80,5,4953438,/scratch/marzii/imitation_runs/demos/noisy_demos_online/lunarlander/expert_4720242/n100_p80_s5,done,0.3767,0.3066,-94.61,14.96,-124.57
noise_online_p80,100,80,6,4953439,/scratch/marzii/imitation_runs/demos/noisy_demos_online/lunarlander/expert_4720242/n100_p80_s6,done,0.3712,0.3452,-55.28,98.05,-76.85
noise_online_p80,100,80,7,4953440,/scratch/marzii/imitation_runs/demos/noisy_demos_online/lunarlander/expert_4720242/n100_p80_s7,done,0.3756,0.3758,-134.58,102.33,-149.29
noise_online_p80,100,80,8,4953441,/scratch/marzii/imitation_runs/demos/noisy_demos_online/lunarlander/expert_4720242/n100_p80_s8,done,0.3763,0.5351,31.00,80.54,-62.63
noise_online_p80,100,80,9,4953442,/scratch/marzii/imitation_runs/demos/noisy_demos_online/lunarlander/expert_4720242/n100_p80_s9,done,0.3679,0.3728,-97.23,77.27,-104.11
noise_online_p90,100,90,0,4953443,/scratch/marzii/imitation_runs/demos/noisy_demos_online/lunarlander/expert_4720242/n100_p90_s0,done,0.3114,0.2216,-252.17,91.00,-190.93
noise_online_p90,100,90,1,4953444,/scratch/marzii/imitation_runs/demos/noisy_demos_online/lunarlander/expert_4720242/n100_p90_s1,done,0.3068,0.3601,-153.73,94.80,-163.24
noise_online_p90,100,90,2,4953445,/scratch/marzii/imitation_runs/demos/noisy_demos_online/lunarlander/expert_4720242/n100_p90_s2,done,0.3132,0.1849,-139.41,39.28,-186.90
noise_online_p90,100,90,3,4953446,/scratch/marzii/imitation_runs/demos/noisy_demos_online/lunarlander/expert_4720242/n100_p90_s3,done,0.3052,0.1758,-218.66,90.26,-157.87
noise_online_p90,100,90,4,4953447,/scratch/marzii/imitation_runs/demos/noisy_demos_online/lunarlander/expert_4720242/n100_p90_s4,done,0.3182,0.0283,-517.63,79.94,-125.03
noise_online_p90,100,90,5,4953448,/scratch/marzii/imitation_runs/demos/noisy_demos_online/lunarlander/expert_4720242/n100_p90_s5,done,0.3075,0.0573,-525.09,210.73,-151.55
noise_online_p90,100,90,6,4953449,/scratch/marzii/imitation_runs/demos/noisy_demos_online/lunarlander/expert_4720242/n100_p90_s6,done,0.3075,0.3326,-140.12,75.47,-117.00
noise_online_p90,100,90,7,4953450,/scratch/marzii/imitation_runs/demos/noisy_demos_online/lunarlander/expert_4720242/n100_p90_s7,done,0.3180,0.2312,-123.25,38.12,-185.44
noise_online_p90,100,90,8,4953451,/scratch/marzii/imitation_runs/demos/noisy_demos_online/lunarlander/expert_4720242/n100_p90_s8,done,0.3138,0.1508,-130.26,21.57,-130.90
noise_online_p90,100,90,9,4953452,/scratch/marzii/imitation_runs/demos/noisy_demos_online/lunarlander/expert_4720242/n100_p90_s9,done,0.3099,0.3237,-253.23,77.14,-175.22
noise_online_p100,100,100,0,4953453,/scratch/marzii/imitation_runs/demos/noisy_demos_online/lunarlander/expert_4720242/n100_p100_s0,done,0.2451,0.2554,-318.17,38.34,-212.79
noise_online_p100,100,100,1,4953454,/scratch/marzii/imitation_runs/demos/noisy_demos_online/lunarlander/expert_4720242/n100_p100_s1,done,0.2474,0.2092,-240.97,106.08,-167.23
noise_online_p100,100,100,2,4953455,/scratch/marzii/imitation_runs/demos/noisy_demos_online/lunarlander/expert_4720242/n100_p100_s2,done,0.2403,0.2344,-158.46,96.27,-169.89
noise_online_p100,100,100,3,4953456,/scratch/marzii/imitation_runs/demos/noisy_demos_online/lunarlander/expert_4720242/n100_p100_s3,done,0.2508,0.2184,-267.63,103.08,-271.81
noise_online_p100,100,100,4,4953457,/scratch/marzii/imitation_runs/demos/noisy_demos_online/lunarlander/expert_4720242/n100_p100_s4,done,0.2528,0.1017,-184.28,71.02,-212.09
noise_online_p100,100,100,5,4953458,/scratch/marzii/imitation_runs/demos/noisy_demos_online/lunarlander/expert_4720242/n100_p100_s5,done,0.2489,0.1625,-185.90,73.76,-173.04
noise_online_p100,100,100,6,4953459,/scratch/marzii/imitation_runs/demos/noisy_demos_online/lunarlander/expert_4720242/n100_p100_s6,done,0.2501,0.3114,-191.97,68.88,-188.73
noise_online_p100,100,100,7,4953460,/scratch/marzii/imitation_runs/demos/noisy_demos_online/lunarlander/expert_4720242/n100_p100_s7,done,0.2425,0.2472,-306.92,125.25,-263.31
noise_online_p100,100,100,8,4953461,/scratch/marzii/imitation_runs/demos/noisy_demos_online/lunarlander/expert_4720242/n100_p100_s8,done,0.2477,0.1784,-151.89,71.39,-206.03
noise_online_p100,100,100,9,4953462,/scratch/marzii/imitation_runs/demos/noisy_demos_online/lunarlander/expert_4720242/n100_p100_s9,done,0.2455,0.2601,-165.96,83.25,-212.71
noise_online_qweighted_p10,100,10,0,4969758,/scratch/marzii/imitation_runs/demos/noisy_demos_online_qweighted/lunarlander/expert_4720242/n100_p10_s0,done,0.5943,0.6172,101.44,23.65,115.08
noise_online_qweighted_p10,100,10,1,4969759,/scratch/marzii/imitation_runs/demos/noisy_demos_online_qweighted/lunarlander/expert_4720242/n100_p10_s1,done,0.5982,0.6047,212.72,63.34,108.23
noise_online_qweighted_p10,100,10,2,4969760,/scratch/marzii/imitation_runs/demos/noisy_demos_online_qweighted/lunarlander/expert_4720242/n100_p10_s2,done,0.5952,0.5971,104.59,41.85,121.92
noise_online_qweighted_p10,100,10,3,4969761,/scratch/marzii/imitation_runs/demos/noisy_demos_online_qweighted/lunarlander/expert_4720242/n100_p10_s3,done,0.5956,0.5957,175.82,87.46,109.24
noise_online_qweighted_p10,100,10,4,4969762,/scratch/marzii/imitation_runs/demos/noisy_demos_online_qweighted/lunarlander/expert_4720242/n100_p10_s4,done,0.5915,0.5449,107.26,50.60,112.50
noise_online_qweighted_p10,100,10,5,4969763,/scratch/marzii/imitation_runs/demos/noisy_demos_online_qweighted/lunarlander/expert_4720242/n100_p10_s5,done,0.5972,0.5113,94.80,25.23,128.79
noise_online_qweighted_p10,100,10,6,4969764,/scratch/marzii/imitation_runs/demos/noisy_demos_online_qweighted/lunarlander/expert_4720242/n100_p10_s6,done,0.5999,0.5918,121.67,59.16,129.45
noise_online_qweighted_p10,100,10,7,4969765,/scratch/marzii/imitation_runs/demos/noisy_demos_online_qweighted/lunarlander/expert_4720242/n100_p10_s7,done,0.5953,0.5645,88.58,17.79,127.22
noise_online_qweighted_p10,100,10,8,4969766,/scratch/marzii/imitation_runs/demos/noisy_demos_online_qweighted/lunarlander/expert_4720242/n100_p10_s8,done,0.5926,0.5481,99.33,31.32,120.44
noise_online_qweighted_p10,100,10,9,4969767,/scratch/marzii/imitation_runs/demos/noisy_demos_online_qweighted/lunarlander/expert_4720242/n100_p10_s9,done,0.5934,0.4706,86.94,19.76,111.57
noise_online_qweighted_p20,100,20,0,4969768,/scratch/marzii/imitation_runs/demos/noisy_demos_online_qweighted/lunarlander/expert_4720242/n100_p20_s0,done,0.5933,0.6279,176.38,73.61,104.86
noise_online_qweighted_p20,100,20,1,4969769,/scratch/marzii/imitation_runs/demos/noisy_demos_online_qweighted/lunarlander/expert_4720242/n100_p20_s1,done,0.5896,0.6107,90.75,18.01,108.94
noise_online_qweighted_p20,100,20,2,4969770,/scratch/marzii/imitation_runs/demos/noisy_demos_online_qweighted/lunarlander/expert_4720242/n100_p20_s2,done,0.5872,0.5453,102.21,20.02,104.55
noise_online_qweighted_p20,100,20,3,4969771,/scratch/marzii/imitation_runs/demos/noisy_demos_online_qweighted/lunarlander/expert_4720242/n100_p20_s3,done,0.5919,0.6167,85.24,22.36,114.06
noise_online_qweighted_p20,100,20,4,4969772,/scratch/marzii/imitation_runs/demos/noisy_demos_online_qweighted/lunarlander/expert_4720242/n100_p20_s4,done,0.5901,0.5928,209.76,72.69,90.50
noise_online_qweighted_p20,100,20,5,4969773,/scratch/marzii/imitation_runs/demos/noisy_demos_online_qweighted/lunarlander/expert_4720242/n100_p20_s5,done,0.5963,0.5988,88.05,21.11,78.90
noise_online_qweighted_p20,100,20,6,4969774,/scratch/marzii/imitation_runs/demos/noisy_demos_online_qweighted/lunarlander/expert_4720242/n100_p20_s6,done,0.6001,0.5314,73.28,35.22,96.91
noise_online_qweighted_p20,100,20,7,4969775,/scratch/marzii/imitation_runs/demos/noisy_demos_online_qweighted/lunarlander/expert_4720242/n100_p20_s7,done,0.5911,0.4546,78.73,16.94,93.67
noise_online_qweighted_p20,100,20,8,4969776,/scratch/marzii/imitation_runs/demos/noisy_demos_online_qweighted/lunarlander/expert_4720242/n100_p20_s8,done,0.5993,0.4002,60.59,20.92,88.56
noise_online_qweighted_p20,100,20,9,4969777,/scratch/marzii/imitation_runs/demos/noisy_demos_online_qweighted/lunarlander/expert_4720242/n100_p20_s9,done,0.5938,0.5587,122.59,64.58,125.76
noise_online_qweighted_p25,100,25,0,4969778,/scratch/marzii/imitation_runs/demos/noisy_demos_online_qweighted/lunarlander/expert_4720242/n100_p25_s0,done,0.6019,0.7037,95.88,19.69,100.50
noise_online_qweighted_p25,100,25,1,4969779,/scratch/marzii/imitation_runs/demos/noisy_demos_online_qweighted/lunarlander/expert_4720242/n100_p25_s1,done,0.5969,0.6048,108.76,19.63,104.21
noise_online_qweighted_p25,100,25,2,4969780,/scratch/marzii/imitation_runs/demos/noisy_demos_online_qweighted/lunarlander/expert_4720242/n100_p25_s2,done,0.5957,0.5989,73.78,15.81,92.96
noise_online_qweighted_p25,100,25,3,4969781,/scratch/marzii/imitation_runs/demos/noisy_demos_online_qweighted/lunarlander/expert_4720242/n100_p25_s3,done,0.5986,0.6010,95.40,24.45,98.51
noise_online_qweighted_p25,100,25,4,4969782,/scratch/marzii/imitation_runs/demos/noisy_demos_online_qweighted/lunarlander/expert_4720242/n100_p25_s4,done,0.5908,0.6046,101.83,19.76,95.16
noise_online_qweighted_p25,100,25,5,4969783,/scratch/marzii/imitation_runs/demos/noisy_demos_online_qweighted/lunarlander/expert_4720242/n100_p25_s5,done,0.6004,0.5383,101.53,31.53,106.78
noise_online_qweighted_p25,100,25,6,4969784,/scratch/marzii/imitation_runs/demos/noisy_demos_online_qweighted/lunarlander/expert_4720242/n100_p25_s6,done,0.6017,0.5650,87.40,54.31,96.94
noise_online_qweighted_p25,100,25,7,4969785,/scratch/marzii/imitation_runs/demos/noisy_demos_online_qweighted/lunarlander/expert_4720242/n100_p25_s7,done,0.5947,0.5887,92.21,18.86,84.92
noise_online_qweighted_p25,100,25,8,4969786,/scratch/marzii/imitation_runs/demos/noisy_demos_online_qweighted/lunarlander/expert_4720242/n100_p25_s8,done,0.5956,0.3905,75.59,19.39,106.31
noise_online_qweighted_p25,100,25,9,4969787,/scratch/marzii/imitation_runs/demos/noisy_demos_online_qweighted/lunarlander/expert_4720242/n100_p25_s9,done,0.5992,0.5578,89.49,18.27,87.77
noise_online_qweighted_p30,100,30,0,4969788,/scratch/marzii/imitation_runs/demos/noisy_demos_online_qweighted/lunarlander/expert_4720242/n100_p30_s0,done,0.5999,0.4713,72.42,22.50,89.32
noise_online_qweighted_p30,100,30,1,4969789,/scratch/marzii/imitation_runs/demos/noisy_demos_online_qweighted/lunarlander/expert_4720242/n100_p30_s1,done,0.5993,0.6553,96.98,18.63,94.87
noise_online_qweighted_p30,100,30,2,4969790,/scratch/marzii/imitation_runs/demos/noisy_demos_online_qweighted/lunarlander/expert_4720242/n100_p30_s2,done,0.5938,0.5827,94.23,21.09,93.05
noise_online_qweighted_p30,100,30,3,4969791,/scratch/marzii/imitation_runs/demos/noisy_demos_online_qweighted/lunarlander/expert_4720242/n100_p30_s3,done,0.5933,0.5980,91.74,49.26,89.74
noise_online_qweighted_p30,100,30,4,4969792,/scratch/marzii/imitation_runs/demos/noisy_demos_online_qweighted/lunarlander/expert_4720242/n100_p30_s4,done,0.5997,0.5254,89.38,20.79,92.34
noise_online_qweighted_p30,100,30,5,4969793,/scratch/marzii/imitation_runs/demos/noisy_demos_online_qweighted/lunarlander/expert_4720242/n100_p30_s5,done,0.6020,0.6121,82.34,19.58,95.85
noise_online_qweighted_p30,100,30,6,4969794,/scratch/marzii/imitation_runs/demos/noisy_demos_online_qweighted/lunarlander/expert_4720242/n100_p30_s6,done,0.5989,0.6458,88.49,41.60,83.22
noise_online_qweighted_p30,100,30,7,4969795,/scratch/marzii/imitation_runs/demos/noisy_demos_online_qweighted/lunarlander/expert_4720242/n100_p30_s7,done,0.5980,0.5017,84.80,23.88,96.30
noise_online_qweighted_p30,100,30,8,4969796,/scratch/marzii/imitation_runs/demos/noisy_demos_online_qweighted/lunarlander/expert_4720242/n100_p30_s8,done,0.6002,0.6005,83.36,18.38,107.76
noise_online_qweighted_p30,100,30,9,4969797,/scratch/marzii/imitation_runs/demos/noisy_demos_online_qweighted/lunarlander/expert_4720242/n100_p30_s9,done,0.5982,0.6068,99.72,20.25,90.56
noise_online_qweighted_p40,100,40,0,4969798,/scratch/marzii/imitation_runs/demos/noisy_demos_online_qweighted/lunarlander/expert_4720242/n100_p40_s0,done,0.6110,0.6125,91.40,20.96,90.43
noise_online_qweighted_p40,100,40,1,4969799,/scratch/marzii/imitation_runs/demos/noisy_demos_online_qweighted/lunarlander/expert_4720242/n100_p40_s1,done,0.6116,0.5775,105.17,20.40,94.28
noise_online_qweighted_p40,100,40,2,4969800,/scratch/marzii/imitation_runs/demos/noisy_demos_online_qweighted/lunarlander/expert_4720242/n100_p40_s2,done,0.6135,0.4861,67.87,30.64,92.92
noise_online_qweighted_p40,100,40,3,4969801,/scratch/marzii/imitation_runs/demos/noisy_demos_online_qweighted/lunarlander/expert_4720242/n100_p40_s3,done,0.6099,0.6092,79.24,15.33,91.89
noise_online_qweighted_p40,100,40,4,4969802,/scratch/marzii/imitation_runs/demos/noisy_demos_online_qweighted/lunarlander/expert_4720242/n100_p40_s4,done,0.6100,0.5099,91.32,33.45,85.69
noise_online_qweighted_p40,100,40,5,4969803,/scratch/marzii/imitation_runs/demos/noisy_demos_online_qweighted/lunarlander/expert_4720242/n100_p40_s5,done,0.6115,0.4493,22.09,27.80,93.24
noise_online_qweighted_p40,100,40,6,4969804,/scratch/marzii/imitation_runs/demos/noisy_demos_online_qweighted/lunarlander/expert_4720242/n100_p40_s6,done,0.6128,0.5362,71.25,19.00,89.56
noise_online_qweighted_p40,100,40,7,4969805,/scratch/marzii/imitation_runs/demos/noisy_demos_online_qweighted/lunarlander/expert_4720242/n100_p40_s7,done,0.6132,0.5002,84.39,18.74,94.07
noise_online_qweighted_p40,100,40,8,4969806,/scratch/marzii/imitation_runs/demos/noisy_demos_online_qweighted/lunarlander/expert_4720242/n100_p40_s8,done,0.6131,0.5758,77.77,21.54,89.64
noise_online_qweighted_p40,100,40,9,4969807,/scratch/marzii/imitation_runs/demos/noisy_demos_online_qweighted/lunarlander/expert_4720242/n100_p40_s9,done,0.6127,0.6010,80.17,30.46,83.96
noise_online_qweighted_p50,100,50,0,4969808,/scratch/marzii/imitation_runs/demos/noisy_demos_online_qweighted/lunarlander/expert_4720242/n100_p50_s0,done,0.6298,0.6269,98.13,21.60,92.59
noise_online_qweighted_p50,100,50,1,4969809,/scratch/marzii/imitation_runs/demos/noisy_demos_online_qweighted/lunarlander/expert_4720242/n100_p50_s1,done,0.6266,0.5974,109.54,18.74,96.46
noise_online_qweighted_p50,100,50,2,4969810,/scratch/marzii/imitation_runs/demos/noisy_demos_online_qweighted/lunarlander/expert_4720242/n100_p50_s2,done,0.6284,0.4834,71.04,18.47,99.67
noise_online_qweighted_p50,100,50,3,4969811,/scratch/marzii/imitation_runs/demos/noisy_demos_online_qweighted/lunarlander/expert_4720242/n100_p50_s3,done,0.6269,0.6777,86.97,20.94,93.12
noise_online_qweighted_p50,100,50,4,4969812,/scratch/marzii/imitation_runs/demos/noisy_demos_online_qweighted/lunarlander/expert_4720242/n100_p50_s4,done,0.6310,0.5736,100.48,18.86,95.06
noise_online_qweighted_p50,100,50,5,4969813,/scratch/marzii/imitation_runs/demos/noisy_demos_online_qweighted/lunarlander/expert_4720242/n100_p50_s5,done,0.6290,0.5575,85.20,23.35,93.01
noise_online_qweighted_p50,100,50,6,4969814,/scratch/marzii/imitation_runs/demos/noisy_demos_online_qweighted/lunarlander/expert_4720242/n100_p50_s6,done,0.6292,0.6925,85.98,21.03,96.02
noise_online_qweighted_p50,100,50,7,4969815,/scratch/marzii/imitation_runs/demos/noisy_demos_online_qweighted/lunarlander/expert_4720242/n100_p50_s7,done,0.6291,0.6567,77.18,16.86,89.44
noise_online_qweighted_p50,100,50,8,4969816,/scratch/marzii/imitation_runs/demos/noisy_demos_online_qweighted/lunarlander/expert_4720242/n100_p50_s8,done,0.6293,0.5727,81.74,24.74,93.91
noise_online_qweighted_p50,100,50,9,4969817,/scratch/marzii/imitation_runs/demos/noisy_demos_online_qweighted/lunarlander/expert_4720242/n100_p50_s9,done,0.6290,0.6491,96.94,20.16,90.27
noise_online_qweighted_p60,100,60,0,4969818,/scratch/marzii/imitation_runs/demos/noisy_demos_online_qweighted/lunarlander/expert_4720242/n100_p60_s0,done,0.6506,0.4780,51.82,20.35,93.08
noise_online_qweighted_p60,100,60,1,4969819,/scratch/marzii/imitation_runs/demos/noisy_demos_online_qweighted/lunarlander/expert_4720242/n100_p60_s1,done,0.6490,0.4410,79.81,19.25,92.08
noise_online_qweighted_p60,100,60,2,4969820,/scratch/marzii/imitation_runs/demos/noisy_demos_online_qweighted/lunarlander/expert_4720242/n100_p60_s2,done,0.6451,0.6634,92.08,21.48,72.36
noise_online_qweighted_p60,100,60,3,4969821,/scratch/marzii/imitation_runs/demos/noisy_demos_online_qweighted/lunarlander/expert_4720242/n100_p60_s3,done,0.6509,0.6687,78.53,24.48,89.29
noise_online_qweighted_p60,100,60,4,4969822,/scratch/marzii/imitation_runs/demos/noisy_demos_online_qweighted/lunarlander/expert_4720242/n100_p60_s4,done,0.6482,0.6564,87.84,17.79,90.22
noise_online_qweighted_p60,100,60,5,4969823,/scratch/marzii/imitation_runs/demos/noisy_demos_online_qweighted/lunarlander/expert_4720242/n100_p60_s5,done,0.6490,0.5907,84.57,21.56,87.70
noise_online_qweighted_p60,100,60,6,4969824,/scratch/marzii/imitation_runs/demos/noisy_demos_online_qweighted/lunarlander/expert_4720242/n100_p60_s6,done,0.6485,0.6116,84.93,18.42,96.27
noise_online_qweighted_p60,100,60,7,4969825,/scratch/marzii/imitation_runs/demos/noisy_demos_online_qweighted/lunarlander/expert_4720242/n100_p60_s7,done,0.6483,0.6301,88.89,18.52,94.62
noise_online_qweighted_p60,100,60,8,4969826,/scratch/marzii/imitation_runs/demos/noisy_demos_online_qweighted/lunarlander/expert_4720242/n100_p60_s8,done,0.6483,0.6227,76.30,18.37,91.96
noise_online_qweighted_p60,100,60,9,4969827,/scratch/marzii/imitation_runs/demos/noisy_demos_online_qweighted/lunarlander/expert_4720242/n100_p60_s9,done,0.6501,0.5605,86.13,20.46,98.75
noise_online_qweighted_p70,100,70,0,4969828,/scratch/marzii/imitation_runs/demos/noisy_demos_online_qweighted/lunarlander/expert_4720242/n100_p70_s0,done,0.6663,0.6895,98.72,22.71,88.28
noise_online_qweighted_p70,100,70,1,4969829,/scratch/marzii/imitation_runs/demos/noisy_demos_online_qweighted/lunarlander/expert_4720242/n100_p70_s1,done,0.6643,0.7652,91.19,18.18,94.63
noise_online_qweighted_p70,100,70,2,4969830,/scratch/marzii/imitation_runs/demos/noisy_demos_online_qweighted/lunarlander/expert_4720242/n100_p70_s2,done,0.6645,0.5665,79.43,19.85,94.25
noise_online_qweighted_p70,100,70,3,4969831,/scratch/marzii/imitation_runs/demos/noisy_demos_online_qweighted/lunarlander/expert_4720242/n100_p70_s3,done,0.6666,0.6028,97.26,21.87,98.75
noise_online_qweighted_p70,100,70,4,4969832,/scratch/marzii/imitation_runs/demos/noisy_demos_online_qweighted/lunarlander/expert_4720242/n100_p70_s4,done,0.6693,0.6202,77.15,17.43,88.51
noise_online_qweighted_p70,100,70,5,4969833,/scratch/marzii/imitation_runs/demos/noisy_demos_online_qweighted/lunarlander/expert_4720242/n100_p70_s5,done,0.6647,0.5022,75.86,21.77,98.22
noise_online_qweighted_p70,100,70,6,4969834,/scratch/marzii/imitation_runs/demos/noisy_demos_online_qweighted/lunarlander/expert_4720242/n100_p70_s6,done,0.6684,0.5855,87.63,19.23,95.59
noise_online_qweighted_p70,100,70,7,4969835,/scratch/marzii/imitation_runs/demos/noisy_demos_online_qweighted/lunarlander/expert_4720242/n100_p70_s7,done,0.6643,0.7297,89.19,17.85,88.76
noise_online_qweighted_p70,100,70,8,4969836,/scratch/marzii/imitation_runs/demos/noisy_demos_online_qweighted/lunarlander/expert_4720242/n100_p70_s8,done,0.6670,0.7914,86.95,19.25,89.50
noise_online_qweighted_p70,100,70,9,4969837,/scratch/marzii/imitation_runs/demos/noisy_demos_online_qweighted/lunarlander/expert_4720242/n100_p70_s9,done,0.6675,0.4001,68.99,19.77,96.87
noise_online_qweighted_p75,100,75,0,4969838,/scratch/marzii/imitation_runs/demos/noisy_demos_online_qweighted/lunarlander/expert_4720242/n100_p75_s0,done,0.6726,0.7745,95.72,21.95,95.94
noise_online_qweighted_p75,100,75,1,4969839,/scratch/marzii/imitation_runs/demos/noisy_demos_online_qweighted/lunarlander/expert_4720242/n100_p75_s1,done,0.6742,0.6367,88.38,19.33,92.81
noise_online_qweighted_p75,100,75,2,4969840,/scratch/marzii/imitation_runs/demos/noisy_demos_online_qweighted/lunarlander/expert_4720242/n100_p75_s2,done,0.6744,0.6493,80.83,22.50,86.59
noise_online_qweighted_p75,100,75,3,4969841,/scratch/marzii/imitation_runs/demos/noisy_demos_online_qweighted/lunarlander/expert_4720242/n100_p75_s3,done,0.6748,0.5993,86.49,21.99,84.51
noise_online_qweighted_p75,100,75,4,4969842,/scratch/marzii/imitation_runs/demos/noisy_demos_online_qweighted/lunarlander/expert_4720242/n100_p75_s4,done,0.6777,0.6768,82.37,18.77,93.22
noise_online_qweighted_p75,100,75,5,4969843,/scratch/marzii/imitation_runs/demos/noisy_demos_online_qweighted/lunarlander/expert_4720242/n100_p75_s5,done,0.6758,0.6789,87.93,20.82,87.14
noise_online_qweighted_p75,100,75,6,4969844,/scratch/marzii/imitation_runs/demos/noisy_demos_online_qweighted/lunarlander/expert_4720242/n100_p75_s6,done,0.6769,0.5265,73.13,18.77,93.92
noise_online_qweighted_p75,100,75,7,4969845,/scratch/marzii/imitation_runs/demos/noisy_demos_online_qweighted/lunarlander/expert_4720242/n100_p75_s7,done,0.6763,0.7386,89.88,18.45,88.39
noise_online_qweighted_p75,100,75,8,4969846,/scratch/marzii/imitation_runs/demos/noisy_demos_online_qweighted/lunarlander/expert_4720242/n100_p75_s8,done,0.6717,0.6871,95.07,18.82,75.05
noise_online_qweighted_p75,100,75,9,4969847,/scratch/marzii/imitation_runs/demos/noisy_demos_online_qweighted/lunarlander/expert_4720242/n100_p75_s9,done,0.6742,0.6535,94.32,20.67,86.09
noise_online_qweighted_p80,100,80,0,4969848,/scratch/marzii/imitation_runs/demos/noisy_demos_online_qweighted/lunarlander/expert_4720242/n100_p80_s0,done,0.6796,0.5864,85.17,22.34,100.78
noise_online_qweighted_p80,100,80,1,4969849,/scratch/marzii/imitation_runs/demos/noisy_demos_online_qweighted/lunarlander/expert_4720242/n100_p80_s1,done,0.6806,0.4639,83.69,18.18,92.28
noise_online_qweighted_p80,100,80,2,4969850,/scratch/marzii/imitation_runs/demos/noisy_demos_online_qweighted/lunarlander/expert_4720242/n100_p80_s2,done,0.6822,0.4863,69.54,19.25,86.83
noise_online_qweighted_p80,100,80,3,4969851,/scratch/marzii/imitation_runs/demos/noisy_demos_online_qweighted/lunarlander/expert_4720242/n100_p80_s3,done,0.6817,0.6742,76.96,19.47,93.24
noise_online_qweighted_p80,100,80,4,4969852,/scratch/marzii/imitation_runs/demos/noisy_demos_online_qweighted/lunarlander/expert_4720242/n100_p80_s4,done,0.6783,0.5543,67.49,20.34,83.74
noise_online_qweighted_p80,100,80,5,4969853,/scratch/marzii/imitation_runs/demos/noisy_demos_online_qweighted/lunarlander/expert_4720242/n100_p80_s5,done,0.6835,0.6139,96.41,20.77,88.49
noise_online_qweighted_p80,100,80,6,4969854,/scratch/marzii/imitation_runs/demos/noisy_demos_online_qweighted/lunarlander/expert_4720242/n100_p80_s6,done,0.6814,0.7674,81.56,19.83,97.88
noise_online_qweighted_p80,100,80,7,4969855,/scratch/marzii/imitation_runs/demos/noisy_demos_online_qweighted/lunarlander/expert_4720242/n100_p80_s7,done,0.6816,0.6962,97.33,17.73,94.99
noise_online_qweighted_p80,100,80,8,4969856,/scratch/marzii/imitation_runs/demos/noisy_demos_online_qweighted/lunarlander/expert_4720242/n100_p80_s8,done,0.6824,0.7237,91.31,19.45,84.38
noise_online_qweighted_p80,100,80,9,4969857,/scratch/marzii/imitation_runs/demos/noisy_demos_online_qweighted/lunarlander/expert_4720242/n100_p80_s9,done,0.6818,0.7903,90.44,20.84,96.30
noise_online_qweighted_p90,100,90,0,4969858,/scratch/marzii/imitation_runs/demos/noisy_demos_online_qweighted/lunarlander/expert_4720242/n100_p90_s0,done,0.6967,0.8786,94.71,22.23,90.54
noise_online_qweighted_p90,100,90,1,4969859,/scratch/marzii/imitation_runs/demos/noisy_demos_online_qweighted/lunarlander/expert_4720242/n100_p90_s1,done,0.6936,0.7421,88.24,17.82,95.19
noise_online_qweighted_p90,100,90,2,4969860,/scratch/marzii/imitation_runs/demos/noisy_demos_online_qweighted/lunarlander/expert_4720242/n100_p90_s2,done,0.6922,0.6823,89.29,20.25,97.94
noise_online_qweighted_p90,100,90,3,4969861,/scratch/marzii/imitation_runs/demos/noisy_demos_online_qweighted/lunarlander/expert_4720242/n100_p90_s3,done,0.6912,0.6796,91.29,21.15,85.68
noise_online_qweighted_p90,100,90,4,4969862,/scratch/marzii/imitation_runs/demos/noisy_demos_online_qweighted/lunarlander/expert_4720242/n100_p90_s4,done,0.6935,0.4652,65.79,17.97,89.86
noise_online_qweighted_p90,100,90,5,4969863,/scratch/marzii/imitation_runs/demos/noisy_demos_online_qweighted/lunarlander/expert_4720242/n100_p90_s5,done,0.6902,0.5969,89.03,23.14,90.59
noise_online_qweighted_p90,100,90,6,4969864,/scratch/marzii/imitation_runs/demos/noisy_demos_online_qweighted/lunarlander/expert_4720242/n100_p90_s6,done,0.6924,0.5269,75.18,19.49,98.06
noise_online_qweighted_p90,100,90,7,4969865,/scratch/marzii/imitation_runs/demos/noisy_demos_online_qweighted/lunarlander/expert_4720242/n100_p90_s7,done,0.6944,0.7236,90.79,19.06,79.80
noise_online_qweighted_p90,100,90,8,4969866,/scratch/marzii/imitation_runs/demos/noisy_demos_online_qweighted/lunarlander/expert_4720242/n100_p90_s8,done,0.6940,0.7433,83.61,19.31,93.49
noise_online_qweighted_p90,100,90,9,4969867,/scratch/marzii/imitation_runs/demos/noisy_demos_online_qweighted/lunarlander/expert_4720242/n100_p90_s9,done,0.6933,0.6585,96.75,20.37,90.25
noise_online_qweighted_p100,100,100,0,4969868,/scratch/marzii/imitation_runs/demos/noisy_demos_online_qweighted/lunarlander/expert_4720242/n100_p100_s0,done,0.7010,0.4419,68.54,22.34,97.75
noise_online_qweighted_p100,100,100,1,4969869,/scratch/marzii/imitation_runs/demos/noisy_demos_online_qweighted/lunarlander/expert_4720242/n100_p100_s1,done,0.6998,0.5363,73.04,16.18,88.19
noise_online_qweighted_p100,100,100,2,4969870,/scratch/marzii/imitation_runs/demos/noisy_demos_online_qweighted/lunarlander/expert_4720242/n100_p100_s2,done,0.6977,0.7479,92.90,20.00,93.88
noise_online_qweighted_p100,100,100,3,4969871,/scratch/marzii/imitation_runs/demos/noisy_demos_online_qweighted/lunarlander/expert_4720242/n100_p100_s3,done,0.6974,0.7059,94.99,22.25,96.57
noise_online_qweighted_p100,100,100,4,4969872,/scratch/marzii/imitation_runs/demos/noisy_demos_online_qweighted/lunarlander/expert_4720242/n100_p100_s4,done,0.6984,0.6176,74.78,19.12,103.37
noise_online_qweighted_p100,100,100,5,4969873,/scratch/marzii/imitation_runs/demos/noisy_demos_online_qweighted/lunarlander/expert_4720242/n100_p100_s5,done,0.6989,0.6401,90.80,20.00,93.65
noise_online_qweighted_p100,100,100,6,4969874,/scratch/marzii/imitation_runs/demos/noisy_demos_online_qweighted/lunarlander/expert_4720242/n100_p100_s6,done,0.7016,0.6223,90.65,18.57,97.16
noise_online_qweighted_p100,100,100,7,4969875,/scratch/marzii/imitation_runs/demos/noisy_demos_online_qweighted/lunarlander/expert_4720242/n100_p100_s7,done,0.6987,0.6661,100.14,17.76,93.76
noise_online_qweighted_p100,100,100,8,4969876,/scratch/marzii/imitation_runs/demos/noisy_demos_online_qweighted/lunarlander/expert_4720242/n100_p100_s8,done,0.6982,0.7449,80.01,20.94,90.60
noise_online_qweighted_p100,100,100,9,4969877,/scratch/marzii/imitation_runs/demos/noisy_demos_online_qweighted/lunarlander/expert_4720242/n100_p100_s9,done,0.6982,0.7030,91.49,19.62,103.67
count_nonFS_N1,1,0,0,4972010,/scratch/marzii/imitation_runs/expert/lunarlander/4615187/rollouts/perframe_demos_150_holdK1,done,,0.5104,203.66,128.29,146.39
count_nonFS_N1,1,0,1,4972011,/scratch/marzii/imitation_runs/expert/lunarlander/4615187/rollouts/perframe_demos_150_holdK1,done,,0.5474,226.96,71.31,159.15
count_nonFS_N1,1,0,2,4972012,/scratch/marzii/imitation_runs/expert/lunarlander/4615187/rollouts/perframe_demos_150_holdK1,done,,0.5446,46.93,337.68,8.08
count_nonFS_N1,1,0,3,4972013,/scratch/marzii/imitation_runs/expert/lunarlander/4615187/rollouts/perframe_demos_150_holdK1,done,,0.5042,159.15,124.05,130.91
count_nonFS_N1,1,0,4,4972014,/scratch/marzii/imitation_runs/expert/lunarlander/4615187/rollouts/perframe_demos_150_holdK1,done,,0.5574,187.79,105.16,140.87
count_nonFS_N1,1,0,5,4972015,/scratch/marzii/imitation_runs/expert/lunarlander/4615187/rollouts/perframe_demos_150_holdK1,done,,0.5390,220.46,80.20,162.84
count_nonFS_N1,1,0,6,4972016,/scratch/marzii/imitation_runs/expert/lunarlander/4615187/rollouts/perframe_demos_150_holdK1,done,,0.5281,194.81,85.17,154.25
count_nonFS_N1,1,0,7,4972017,/scratch/marzii/imitation_runs/expert/lunarlander/4615187/rollouts/perframe_demos_150_holdK1,done,,0.5722,210.67,110.91,135.22
count_nonFS_N1,1,0,8,4972018,/scratch/marzii/imitation_runs/expert/lunarlander/4615187/rollouts/perframe_demos_150_holdK1,done,,0.5072,146.82,147.99,102.29
count_nonFS_N1,1,0,9,4972019,/scratch/marzii/imitation_runs/expert/lunarlander/4615187/rollouts/perframe_demos_150_holdK1,done,,0.5854,238.06,76.92,163.12
count_nonFS_N5,5,0,0,4972020,/scratch/marzii/imitation_runs/expert/lunarlander/4615187/rollouts/perframe_demos_150_holdK1,done,,0.5224,249.73,45.51,195.97
count_nonFS_N5,5,0,1,4972021,/scratch/marzii/imitation_runs/expert/lunarlander/4615187/rollouts/perframe_demos_150_holdK1,done,,0.4584,256.87,40.50,174.75
count_nonFS_N5,5,0,2,4972022,/scratch/marzii/imitation_runs/expert/lunarlander/4615187/rollouts/perframe_demos_150_holdK1,done,,0.6026,262.95,38.74,208.53
count_nonFS_N5,5,0,3,4972023,/scratch/marzii/imitation_runs/expert/lunarlander/4615187/rollouts/perframe_demos_150_holdK1,done,,0.5721,247.12,50.61,192.27
count_nonFS_N5,5,0,4,4972024,/scratch/marzii/imitation_runs/expert/lunarlander/4615187/rollouts/perframe_demos_150_holdK1,done,,0.6534,268.20,18.59,179.48
count_nonFS_N5,5,0,5,4972025,/scratch/marzii/imitation_runs/expert/lunarlander/4615187/rollouts/perframe_demos_150_holdK1,done,,0.6356,232.69,57.28,161.77
count_nonFS_N5,5,0,6,4972026,/scratch/marzii/imitation_runs/expert/lunarlander/4615187/rollouts/perframe_demos_150_holdK1,done,,0.5050,251.09,38.60,198.47
count_nonFS_N5,5,0,7,4972027,/scratch/marzii/imitation_runs/expert/lunarlander/4615187/rollouts/perframe_demos_150_holdK1,done,,0.5684,266.00,20.59,191.58
count_nonFS_N5,5,0,8,4972028,/scratch/marzii/imitation_runs/expert/lunarlander/4615187/rollouts/perframe_demos_150_holdK1,done,,0.5740,268.68,19.52,192.92
count_nonFS_N5,5,0,9,4972029,/scratch/marzii/imitation_runs/expert/lunarlander/4615187/rollouts/perframe_demos_150_holdK1,done,,0.5429,234.92,49.22,170.74
count_nonFS_N10,10,0,0,4972030,/scratch/marzii/imitation_runs/expert/lunarlander/4615187/rollouts/perframe_demos_150_holdK1,done,,0.7294,259.08,51.70,192.24
count_nonFS_N10,10,0,1,4972031,/scratch/marzii/imitation_runs/expert/lunarlander/4615187/rollouts/perframe_demos_150_holdK1,done,,0.7624,272.77,27.94,193.99
count_nonFS_N10,10,0,2,4972032,/scratch/marzii/imitation_runs/expert/lunarlander/4615187/rollouts/perframe_demos_150_holdK1,done,,0.8032,271.79,19.03,198.54
count_nonFS_N10,10,0,3,4972033,/scratch/marzii/imitation_runs/expert/lunarlander/4615187/rollouts/perframe_demos_150_holdK1,done,,0.6232,242.13,48.84,187.74
count_nonFS_N10,10,0,4,4972034,/scratch/marzii/imitation_runs/expert/lunarlander/4615187/rollouts/perframe_demos_150_holdK1,done,,0.6536,260.62,32.99,194.19
count_nonFS_N10,10,0,5,4972035,/scratch/marzii/imitation_runs/expert/lunarlander/4615187/rollouts/perframe_demos_150_holdK1,done,,0.6773,261.76,32.53,177.83
count_nonFS_N10,10,0,6,4972036,/scratch/marzii/imitation_runs/expert/lunarlander/4615187/rollouts/perframe_demos_150_holdK1,done,,0.6592,262.04,24.40,197.87
count_nonFS_N10,10,0,7,4972037,/scratch/marzii/imitation_runs/expert/lunarlander/4615187/rollouts/perframe_demos_150_holdK1,done,,0.6185,265.72,31.30,188.58
count_nonFS_N10,10,0,8,4972038,/scratch/marzii/imitation_runs/expert/lunarlander/4615187/rollouts/perframe_demos_150_holdK1,done,,0.6823,268.41,19.84,203.42
count_nonFS_N10,10,0,9,4972039,/scratch/marzii/imitation_runs/expert/lunarlander/4615187/rollouts/perframe_demos_150_holdK1,done,,0.5898,256.67,40.33,173.15
count_nonFS_N20,20,0,0,4972040,/scratch/marzii/imitation_runs/expert/lunarlander/4615187/rollouts/perframe_demos_150_holdK1,done,,0.8138,273.86,21.98,202.67
count_nonFS_N20,20,0,1,4972041,/scratch/marzii/imitation_runs/expert/lunarlander/4615187/rollouts/perframe_demos_150_holdK1,done,,0.7226,261.38,40.86,204.00
count_nonFS_N20,20,0,2,4972042,/scratch/marzii/imitation_runs/expert/lunarlander/4615187/rollouts/perframe_demos_150_holdK1,done,,0.7227,257.76,42.91,201.72
count_nonFS_N20,20,0,3,4972043,/scratch/marzii/imitation_runs/expert/lunarlander/4615187/rollouts/perframe_demos_150_holdK1,done,,0.8549,269.42,22.67,201.79
count_nonFS_N20,20,0,4,4972044,/scratch/marzii/imitation_runs/expert/lunarlander/4615187/rollouts/perframe_demos_150_holdK1,done,,0.8004,265.03,17.52,203.07
count_nonFS_N20,20,0,5,4972045,/scratch/marzii/imitation_runs/expert/lunarlander/4615187/rollouts/perframe_demos_150_holdK1,done,,0.8719,260.12,40.80,193.81
count_nonFS_N20,20,0,6,4972046,/scratch/marzii/imitation_runs/expert/lunarlander/4615187/rollouts/perframe_demos_150_holdK1,done,,0.7683,260.21,33.42,209.55
count_nonFS_N20,20,0,7,4972047,/scratch/marzii/imitation_runs/expert/lunarlander/4615187/rollouts/perframe_demos_150_holdK1,done,,0.8115,273.27,17.50,206.41
count_nonFS_N20,20,0,8,4972048,/scratch/marzii/imitation_runs/expert/lunarlander/4615187/rollouts/perframe_demos_150_holdK1,done,,0.8283,268.77,19.80,203.17
count_nonFS_N20,20,0,9,4972049,/scratch/marzii/imitation_runs/expert/lunarlander/4615187/rollouts/perframe_demos_150_holdK1,done,,0.7550,266.10,31.98,197.70
count_nonFS_N30,30,0,0,4972050,/scratch/marzii/imitation_runs/expert/lunarlander/4615187/rollouts/perframe_demos_150_holdK1,done,,0.8053,272.70,21.97,203.38
count_nonFS_N30,30,0,1,4972051,/scratch/marzii/imitation_runs/expert/lunarlander/4615187/rollouts/perframe_demos_150_holdK1,done,,0.5989,266.61,29.49,195.13
count_nonFS_N30,30,0,2,4972052,/scratch/marzii/imitation_runs/expert/lunarlander/4615187/rollouts/perframe_demos_150_holdK1,done,,0.6918,270.18,18.94,201.81
count_nonFS_N30,30,0,3,4972053,/scratch/marzii/imitation_runs/expert/lunarlander/4615187/rollouts/perframe_demos_150_holdK1,done,,0.8216,267.47,22.61,197.34
count_nonFS_N30,30,0,4,4972054,/scratch/marzii/imitation_runs/expert/lunarlander/4615187/rollouts/perframe_demos_150_holdK1,done,,0.7283,263.74,18.12,203.11
count_nonFS_N30,30,0,5,4972055,/scratch/marzii/imitation_runs/expert/lunarlander/4615187/rollouts/perframe_demos_150_holdK1,done,,0.7922,253.93,55.46,198.91
count_nonFS_N30,30,0,6,4972056,/scratch/marzii/imitation_runs/expert/lunarlander/4615187/rollouts/perframe_demos_150_holdK1,done,,0.8413,264.25,30.09,207.60
count_nonFS_N30,30,0,7,4972057,/scratch/marzii/imitation_runs/expert/lunarlander/4615187/rollouts/perframe_demos_150_holdK1,done,,0.7745,271.85,17.60,204.29
count_nonFS_N30,30,0,8,4972058,/scratch/marzii/imitation_runs/expert/lunarlander/4615187/rollouts/perframe_demos_150_holdK1,done,,0.8813,268.35,19.85,195.13
count_nonFS_N30,30,0,9,4972059,/scratch/marzii/imitation_runs/expert/lunarlander/4615187/rollouts/perframe_demos_150_holdK1,done,,0.6861,266.70,28.87,210.44
count_nonFS_N40,40,0,0,4972060,/scratch/marzii/imitation_runs/expert/lunarlander/4615187/rollouts/perframe_demos_150_holdK1,done,,0.7478,249.13,51.64,200.86
count_nonFS_N40,40,0,1,4972061,/scratch/marzii/imitation_runs/expert/lunarlander/4615187/rollouts/perframe_demos_150_holdK1,done,,0.6845,274.98,18.15,199.33
count_nonFS_N40,40,0,2,4972062,/scratch/marzii/imitation_runs/expert/lunarlander/4615187/rollouts/perframe_demos_150_holdK1,done,,0.7214,253.48,49.02,211.79
count_nonFS_N40,40,0,3,4972063,/scratch/marzii/imitation_runs/expert/lunarlander/4615187/rollouts/perframe_demos_150_holdK1,done,,0.8472,271.05,21.76,210.06
count_nonFS_N40,40,0,4,4972064,/scratch/marzii/imitation_runs/expert/lunarlander/4615187/rollouts/perframe_demos_150_holdK1,done,,0.7328,264.00,17.85,200.76
count_nonFS_N40,40,0,5,4972065,/scratch/marzii/imitation_runs/expert/lunarlander/4615187/rollouts/perframe_demos_150_holdK1,done,,0.8540,265.10,25.86,201.04
count_nonFS_N40,40,0,6,4972066,/scratch/marzii/imitation_runs/expert/lunarlander/4615187/rollouts/perframe_demos_150_holdK1,done,,0.6973,251.38,42.95,199.71
count_nonFS_N40,40,0,7,4972067,/scratch/marzii/imitation_runs/expert/lunarlander/4615187/rollouts/perframe_demos_150_holdK1,done,,0.8115,271.32,18.17,202.23
count_nonFS_N40,40,0,8,4972068,/scratch/marzii/imitation_runs/expert/lunarlander/4615187/rollouts/perframe_demos_150_holdK1,done,,0.8722,269.73,19.23,202.21
count_nonFS_N40,40,0,9,4972069,/scratch/marzii/imitation_runs/expert/lunarlander/4615187/rollouts/perframe_demos_150_holdK1,done,,0.6437,263.61,34.19,201.89
count_nonFS_N50,50,0,0,4972070,/scratch/marzii/imitation_runs/expert/lunarlander/4615187/rollouts/perframe_demos_150_holdK1,done,,0.8615,274.03,21.26,198.52
count_nonFS_N50,50,0,1,4972071,/scratch/marzii/imitation_runs/expert/lunarlander/4615187/rollouts/perframe_demos_150_holdK1,done,,0.7317,275.42,18.01,196.37
count_nonFS_N50,50,0,2,4972072,/scratch/marzii/imitation_runs/expert/lunarlander/4615187/rollouts/perframe_demos_150_holdK1,done,,0.7896,272.27,18.96,207.36
count_nonFS_N50,50,0,3,4972073,/scratch/marzii/imitation_runs/expert/lunarlander/4615187/rollouts/perframe_demos_150_holdK1,done,,0.7312,268.32,22.12,205.14
count_nonFS_N50,50,0,4,4972074,/scratch/marzii/imitation_runs/expert/lunarlander/4615187/rollouts/perframe_demos_150_holdK1,done,,0.8383,265.66,17.68,200.51
count_nonFS_N50,50,0,5,4972075,/scratch/marzii/imitation_runs/expert/lunarlander/4615187/rollouts/perframe_demos_150_holdK1,done,,0.8153,268.55,21.46,210.95
count_nonFS_N50,50,0,6,4972076,/scratch/marzii/imitation_runs/expert/lunarlander/4615187/rollouts/perframe_demos_150_holdK1,done,,0.8570,263.42,36.29,206.45
count_nonFS_N50,50,0,7,4972077,/scratch/marzii/imitation_runs/expert/lunarlander/4615187/rollouts/perframe_demos_150_holdK1,done,,0.7966,265.27,34.98,202.22
count_nonFS_N50,50,0,8,4972078,/scratch/marzii/imitation_runs/expert/lunarlander/4615187/rollouts/perframe_demos_150_holdK1,done,,0.7413,258.97,42.00,199.58
count_nonFS_N50,50,0,9,4972079,/scratch/marzii/imitation_runs/expert/lunarlander/4615187/rollouts/perframe_demos_150_holdK1,done,,0.6294,243.56,60.45,196.13
count_nonFS_N60,60,0,0,4972080,/scratch/marzii/imitation_runs/expert/lunarlander/4615187/rollouts/perframe_demos_150_holdK1,done,,0.8051,263.44,50.01,203.70
count_nonFS_N60,60,0,1,4972081,/scratch/marzii/imitation_runs/expert/lunarlander/4615187/rollouts/perframe_demos_150_holdK1,done,,0.7380,277.99,18.13,194.46
count_nonFS_N60,60,0,2,4972082,/scratch/marzii/imitation_runs/expert/lunarlander/4615187/rollouts/perframe_demos_150_holdK1,done,,0.7820,261.06,47.65,210.92
count_nonFS_N60,60,0,3,4972083,/scratch/marzii/imitation_runs/expert/lunarlander/4615187/rollouts/perframe_demos_150_holdK1,done,,0.8478,263.08,38.94,199.71
count_nonFS_N60,60,0,4,4972084,/scratch/marzii/imitation_runs/expert/lunarlander/4615187/rollouts/perframe_demos_150_holdK1,done,,0.8087,265.17,17.87,196.81
count_nonFS_N60,60,0,5,4972085,/scratch/marzii/imitation_runs/expert/lunarlander/4615187/rollouts/perframe_demos_150_holdK1,done,,0.8573,269.24,21.67,208.17
count_nonFS_N60,60,0,6,4972086,/scratch/marzii/imitation_runs/expert/lunarlander/4615187/rollouts/perframe_demos_150_holdK1,done,,0.7642,260.32,39.99,206.56
count_nonFS_N60,60,0,7,4972087,/scratch/marzii/imitation_runs/expert/lunarlander/4615187/rollouts/perframe_demos_150_holdK1,done,,0.8106,266.88,26.18,201.95
count_nonFS_N60,60,0,8,4972088,/scratch/marzii/imitation_runs/expert/lunarlander/4615187/rollouts/perframe_demos_150_holdK1,done,,0.7406,265.80,20.54,200.06
count_nonFS_N60,60,0,9,4972089,/scratch/marzii/imitation_runs/expert/lunarlander/4615187/rollouts/perframe_demos_150_holdK1,done,,0.5170,252.16,53.98,194.88
count_nonFS_N80,80,0,0,4972090,/scratch/marzii/imitation_runs/expert/lunarlander/4615187/rollouts/perframe_demos_150_holdK1,done,,0.8487,271.84,22.24,196.59
count_nonFS_N80,80,0,1,4972091,/scratch/marzii/imitation_runs/expert/lunarlander/4615187/rollouts/perframe_demos_150_holdK1,done,,0.5930,276.76,18.59,198.15
count_nonFS_N80,80,0,2,4972092,/scratch/marzii/imitation_runs/expert/lunarlander/4615187/rollouts/perframe_demos_150_holdK1,done,,0.6372,264.96,33.29,203.15
count_nonFS_N80,80,0,3,4972093,/scratch/marzii/imitation_runs/expert/lunarlander/4615187/rollouts/perframe_demos_150_holdK1,done,,0.8157,268.91,22.09,198.05
count_nonFS_N80,80,0,4,4972094,/scratch/marzii/imitation_runs/expert/lunarlander/4615187/rollouts/perframe_demos_150_holdK1,done,,0.7443,266.26,17.23,194.38
count_nonFS_N80,80,0,5,4972095,/scratch/marzii/imitation_runs/expert/lunarlander/4615187/rollouts/perframe_demos_150_holdK1,done,,0.7398,266.40,21.32,203.71
count_nonFS_N80,80,0,6,4972096,/scratch/marzii/imitation_runs/expert/lunarlander/4615187/rollouts/perframe_demos_150_holdK1,done,,0.6617,268.43,19.85,194.05
count_nonFS_N80,80,0,7,4972097,/scratch/marzii/imitation_runs/expert/lunarlander/4615187/rollouts/perframe_demos_150_holdK1,done,,0.8645,273.54,17.81,199.13
count_nonFS_N80,80,0,8,4972098,/scratch/marzii/imitation_runs/expert/lunarlander/4615187/rollouts/perframe_demos_150_holdK1,done,,0.7227,260.10,31.06,196.05
count_nonFS_N80,80,0,9,4972099,/scratch/marzii/imitation_runs/expert/lunarlander/4615187/rollouts/perframe_demos_150_holdK1,done,,0.6834,266.72,20.74,197.21
count_nonFS_N100,100,0,0,4972100,/scratch/marzii/imitation_runs/expert/lunarlander/4615187/rollouts/perframe_demos_150_holdK1,done,,0.8053,272.51,21.87,206.50
count_nonFS_N100,100,0,1,4972101,/scratch/marzii/imitation_runs/expert/lunarlander/4615187/rollouts/perframe_demos_150_holdK1,done,,0.8049,271.56,29.39,193.54
count_nonFS_N100,100,0,2,4972102,/scratch/marzii/imitation_runs/expert/lunarlander/4615187/rollouts/perframe_demos_150_holdK1,done,,0.6053,270.94,18.70,209.26
count_nonFS_N100,100,0,3,4972103,/scratch/marzii/imitation_runs/expert/lunarlander/4615187/rollouts/perframe_demos_150_holdK1,done,,0.7411,264.34,34.36,191.07
count_nonFS_N100,100,0,4,4972104,/scratch/marzii/imitation_runs/expert/lunarlander/4615187/rollouts/perframe_demos_150_holdK1,done,,0.7511,265.02,18.08,208.16
count_nonFS_N100,100,0,5,4972105,/scratch/marzii/imitation_runs/expert/lunarlander/4615187/rollouts/perframe_demos_150_holdK1,done,,0.7254,229.87,62.85,205.23
count_nonFS_N100,100,0,6,4972106,/scratch/marzii/imitation_runs/expert/lunarlander/4615187/rollouts/perframe_demos_150_holdK1,done,,0.6012,263.42,20.35,206.31
count_nonFS_N100,100,0,7,4972107,/scratch/marzii/imitation_runs/expert/lunarlander/4615187/rollouts/perframe_demos_150_holdK1,done,,0.8700,270.25,19.57,199.30
count_nonFS_N100,100,0,8,4972108,/scratch/marzii/imitation_runs/expert/lunarlander/4615187/rollouts/perframe_demos_150_holdK1,done,,0.7623,267.96,20.19,204.33
count_nonFS_N100,100,0,9,4972109,/scratch/marzii/imitation_runs/expert/lunarlander/4615187/rollouts/perframe_demos_150_holdK1,done,,0.6437,272.57,19.79,197.51
count_nonFS_N150,150,0,0,4972110,/scratch/marzii/imitation_runs/expert/lunarlander/4615187/rollouts/perframe_demos_150_holdK1,done,,0.7935,274.38,21.20,209.61
count_nonFS_N150,150,0,1,4972111,/scratch/marzii/imitation_runs/expert/lunarlander/4615187/rollouts/perframe_demos_150_holdK1,done,,0.7286,278.82,18.81,190.04
count_nonFS_N150,150,0,2,4972112,/scratch/marzii/imitation_runs/expert/lunarlander/4615187/rollouts/perframe_demos_150_holdK1,done,,0.6124,270.93,18.94,217.33
count_nonFS_N150,150,0,3,4972113,/scratch/marzii/imitation_runs/expert/lunarlander/4615187/rollouts/perframe_demos_150_holdK1,done,,0.7876,272.25,21.98,202.62
count_nonFS_N150,150,0,4,4972114,/scratch/marzii/imitation_runs/expert/lunarlander/4615187/rollouts/perframe_demos_150_holdK1,done,,0.8305,258.87,34.50,203.74
count_nonFS_N150,150,0,5,4972115,/scratch/marzii/imitation_runs/expert/lunarlander/4615187/rollouts/perframe_demos_150_holdK1,done,,0.8310,263.28,34.36,202.77
count_nonFS_N150,150,0,6,4972116,/scratch/marzii/imitation_runs/expert/lunarlander/4615187/rollouts/perframe_demos_150_holdK1,done,,0.7092,267.01,19.97,206.42
count_nonFS_N150,150,0,7,4972117,/scratch/marzii/imitation_runs/expert/lunarlander/4615187/rollouts/perframe_demos_150_holdK1,done,,0.8038,268.51,21.23,203.44
count_nonFS_N150,150,0,8,4972118,/scratch/marzii/imitation_runs/expert/lunarlander/4615187/rollouts/perframe_demos_150_holdK1,done,,0.7273,253.88,49.57,197.08
count_nonFS_N150,150,0,9,4972119,/scratch/marzii/imitation_runs/expert/lunarlander/4615187/rollouts/perframe_demos_150_holdK1,done,,0.6746,266.77,28.34,203.69
noise_online_nonFS_p10,100,10,0,4972120,/scratch/marzii/imitation_runs/demos/noisy_demos_online_nonFS/lunarlander/expert_4615187/n100_p10_s0,done,0.9230,0.5537,195.18,96.53,191.21
noise_online_nonFS_p10,100,10,1,4972121,/scratch/marzii/imitation_runs/demos/noisy_demos_online_nonFS/lunarlander/expert_4615187/n100_p10_s1,done,0.9250,0.6090,277.47,18.76,187.79
noise_online_nonFS_p10,100,10,2,4972122,/scratch/marzii/imitation_runs/demos/noisy_demos_online_nonFS/lunarlander/expert_4615187/n100_p10_s2,done,0.9229,0.5461,212.67,78.89,184.09
noise_online_nonFS_p10,100,10,3,4972123,/scratch/marzii/imitation_runs/demos/noisy_demos_online_nonFS/lunarlander/expert_4615187/n100_p10_s3,done,0.9240,0.5929,268.14,21.84,206.26
noise_online_nonFS_p10,100,10,4,4972124,/scratch/marzii/imitation_runs/demos/noisy_demos_online_nonFS/lunarlander/expert_4615187/n100_p10_s4,done,0.9248,0.6337,252.81,45.30,182.05
noise_online_nonFS_p10,100,10,5,4972125,/scratch/marzii/imitation_runs/demos/noisy_demos_online_nonFS/lunarlander/expert_4615187/n100_p10_s5,done,0.9236,0.5655,251.30,34.52,201.29
noise_online_nonFS_p10,100,10,6,4972126,/scratch/marzii/imitation_runs/demos/noisy_demos_online_nonFS/lunarlander/expert_4615187/n100_p10_s6,done,0.9257,0.4832,264.90,19.08,182.12
noise_online_nonFS_p10,100,10,7,4972127,/scratch/marzii/imitation_runs/demos/noisy_demos_online_nonFS/lunarlander/expert_4615187/n100_p10_s7,done,0.9275,0.4817,263.23,28.44,204.88
noise_online_nonFS_p10,100,10,8,4972128,/scratch/marzii/imitation_runs/demos/noisy_demos_online_nonFS/lunarlander/expert_4615187/n100_p10_s8,done,0.9278,0.6802,258.81,30.19,205.00
noise_online_nonFS_p10,100,10,9,4972129,/scratch/marzii/imitation_runs/demos/noisy_demos_online_nonFS/lunarlander/expert_4615187/n100_p10_s9,done,0.9240,0.4113,258.26,32.93,174.92
noise_online_nonFS_p20,100,20,0,4972130,/scratch/marzii/imitation_runs/demos/noisy_demos_online_nonFS/lunarlander/expert_4615187/n100_p20_s0,done,0.8491,0.5528,239.11,68.41,161.03
noise_online_nonFS_p20,100,20,1,4972131,/scratch/marzii/imitation_runs/demos/noisy_demos_online_nonFS/lunarlander/expert_4615187/n100_p20_s1,done,0.8518,0.5038,241.21,67.46,163.01
noise_online_nonFS_p20,100,20,2,4972132,/scratch/marzii/imitation_runs/demos/noisy_demos_online_nonFS/lunarlander/expert_4615187/n100_p20_s2,done,0.8504,0.4608,230.17,57.20,179.97
noise_online_nonFS_p20,100,20,3,4972133,/scratch/marzii/imitation_runs/demos/noisy_demos_online_nonFS/lunarlander/expert_4615187/n100_p20_s3,done,0.8521,0.5774,262.60,26.97,157.16
noise_online_nonFS_p20,100,20,4,4972134,/scratch/marzii/imitation_runs/demos/noisy_demos_online_nonFS/lunarlander/expert_4615187/n100_p20_s4,done,0.8508,0.5358,227.40,61.81,165.87
noise_online_nonFS_p20,100,20,5,4972135,/scratch/marzii/imitation_runs/demos/noisy_demos_online_nonFS/lunarlander/expert_4615187/n100_p20_s5,done,0.8504,0.6356,269.71,20.98,156.35
noise_online_nonFS_p20,100,20,6,4972136,/scratch/marzii/imitation_runs/demos/noisy_demos_online_nonFS/lunarlander/expert_4615187/n100_p20_s6,done,0.8516,0.3572,250.10,39.52,168.93
noise_online_nonFS_p20,100,20,7,4972137,/scratch/marzii/imitation_runs/demos/noisy_demos_online_nonFS/lunarlander/expert_4615187/n100_p20_s7,done,0.8481,0.6385,250.37,67.72,150.40
noise_online_nonFS_p20,100,20,8,4972138,/scratch/marzii/imitation_runs/demos/noisy_demos_online_nonFS/lunarlander/expert_4615187/n100_p20_s8,done,0.8536,0.2985,224.39,74.16,142.29
noise_online_nonFS_p20,100,20,9,4972139,/scratch/marzii/imitation_runs/demos/noisy_demos_online_nonFS/lunarlander/expert_4615187/n100_p20_s9,done,0.8483,0.5311,265.79,24.06,171.94
noise_online_nonFS_p25,100,25,0,4972140,/scratch/marzii/imitation_runs/demos/noisy_demos_online_nonFS/lunarlander/expert_4615187/n100_p25_s0,done,0.8115,0.3761,187.77,94.20,148.90
noise_online_nonFS_p25,100,25,1,4972141,/scratch/marzii/imitation_runs/demos/noisy_demos_online_nonFS/lunarlander/expert_4615187/n100_p25_s1,done,0.8142,0.5212,218.74,66.06,136.79
noise_online_nonFS_p25,100,25,2,4972142,/scratch/marzii/imitation_runs/demos/noisy_demos_online_nonFS/lunarlander/expert_4615187/n100_p25_s2,done,0.8132,0.4052,144.50,127.46,142.51
noise_online_nonFS_p25,100,25,3,4972143,/scratch/marzii/imitation_runs/demos/noisy_demos_online_nonFS/lunarlander/expert_4615187/n100_p25_s3,done,0.8158,0.6084,253.13,48.03,166.17
noise_online_nonFS_p25,100,25,4,4972144,/scratch/marzii/imitation_runs/demos/noisy_demos_online_nonFS/lunarlander/expert_4615187/n100_p25_s4,done,0.8147,0.4817,216.25,78.22,73.96
noise_online_nonFS_p25,100,25,5,4972145,/scratch/marzii/imitation_runs/demos/noisy_demos_online_nonFS/lunarlander/expert_4615187/n100_p25_s5,done,0.8116,0.4302,144.71,113.40,135.20
noise_online_nonFS_p25,100,25,6,4972146,/scratch/marzii/imitation_runs/demos/noisy_demos_online_nonFS/lunarlander/expert_4615187/n100_p25_s6,done,0.8129,0.7084,261.81,31.15,156.41
noise_online_nonFS_p25,100,25,7,4972147,/scratch/marzii/imitation_runs/demos/noisy_demos_online_nonFS/lunarlander/expert_4615187/n100_p25_s7,done,0.8130,0.4645,204.95,76.93,143.38
noise_online_nonFS_p25,100,25,8,4972148,/scratch/marzii/imitation_runs/demos/noisy_demos_online_nonFS/lunarlander/expert_4615187/n100_p25_s8,done,0.8149,0.4484,173.11,95.03,145.66
noise_online_nonFS_p25,100,25,9,4972149,/scratch/marzii/imitation_runs/demos/noisy_demos_online_nonFS/lunarlander/expert_4615187/n100_p25_s9,done,0.8141,0.5668,217.11,91.44,159.54
noise_online_nonFS_p30,100,30,0,4972150,/scratch/marzii/imitation_runs/demos/noisy_demos_online_nonFS/lunarlander/expert_4615187/n100_p30_s0,done,0.7777,0.6059,245.90,66.15,162.52
noise_online_nonFS_p30,100,30,1,4972151,/scratch/marzii/imitation_runs/demos/noisy_demos_online_nonFS/lunarlander/expert_4615187/n100_p30_s1,done,0.7762,0.6359,265.53,66.41,132.06
noise_online_nonFS_p30,100,30,2,4972152,/scratch/marzii/imitation_runs/demos/noisy_demos_online_nonFS/lunarlander/expert_4615187/n100_p30_s2,done,0.7759,0.5187,190.47,83.62,118.36
noise_online_nonFS_p30,100,30,3,4972153,/scratch/marzii/imitation_runs/demos/noisy_demos_online_nonFS/lunarlander/expert_4615187/n100_p30_s3,done,0.7791,0.4845,246.46,69.47,127.24
noise_online_nonFS_p30,100,30,4,4972154,/scratch/marzii/imitation_runs/demos/noisy_demos_online_nonFS/lunarlander/expert_4615187/n100_p30_s4,done,0.7714,0.6724,223.32,75.06,147.50
noise_online_nonFS_p30,100,30,5,4972155,/scratch/marzii/imitation_runs/demos/noisy_demos_online_nonFS/lunarlander/expert_4615187/n100_p30_s5,done,0.7724,0.6844,224.31,77.70,172.52
noise_online_nonFS_p30,100,30,6,4972156,/scratch/marzii/imitation_runs/demos/noisy_demos_online_nonFS/lunarlander/expert_4615187/n100_p30_s6,done,0.7715,0.6211,180.38,112.74,139.88
noise_online_nonFS_p30,100,30,7,4972157,/scratch/marzii/imitation_runs/demos/noisy_demos_online_nonFS/lunarlander/expert_4615187/n100_p30_s7,done,0.7767,0.5768,223.07,64.22,148.12
noise_online_nonFS_p30,100,30,8,4972158,/scratch/marzii/imitation_runs/demos/noisy_demos_online_nonFS/lunarlander/expert_4615187/n100_p30_s8,done,0.7773,0.4765,239.21,41.07,108.90
noise_online_nonFS_p30,100,30,9,4972159,/scratch/marzii/imitation_runs/demos/noisy_demos_online_nonFS/lunarlander/expert_4615187/n100_p30_s9,done,0.7718,0.3852,173.50,76.59,92.37
noise_online_nonFS_p40,100,40,0,4972160,/scratch/marzii/imitation_runs/demos/noisy_demos_online_nonFS/lunarlander/expert_4615187/n100_p40_s0,done,0.7010,0.6877,272.27,29.37,96.68
noise_online_nonFS_p40,100,40,1,4972161,/scratch/marzii/imitation_runs/demos/noisy_demos_online_nonFS/lunarlander/expert_4615187/n100_p40_s1,done,0.7009,0.6116,252.12,63.71,117.32
noise_online_nonFS_p40,100,40,2,4972162,/scratch/marzii/imitation_runs/demos/noisy_demos_online_nonFS/lunarlander/expert_4615187/n100_p40_s2,done,0.6998,0.4167,200.59,86.67,99.21
noise_online_nonFS_p40,100,40,3,4972163,/scratch/marzii/imitation_runs/demos/noisy_demos_online_nonFS/lunarlander/expert_4615187/n100_p40_s3,done,0.7038,0.5788,214.49,84.24,106.82
noise_online_nonFS_p40,100,40,4,4972164,/scratch/marzii/imitation_runs/demos/noisy_demos_online_nonFS/lunarlander/expert_4615187/n100_p40_s4,done,0.6969,0.6645,222.12,76.86,106.90
noise_online_nonFS_p40,100,40,5,4972165,/scratch/marzii/imitation_runs/demos/noisy_demos_online_nonFS/lunarlander/expert_4615187/n100_p40_s5,done,0.6986,0.2136,-39.93,81.22,125.34
noise_online_nonFS_p40,100,40,6,4972166,/scratch/marzii/imitation_runs/demos/noisy_demos_online_nonFS/lunarlander/expert_4615187/n100_p40_s6,done,0.6982,0.6743,259.39,39.16,58.99
noise_online_nonFS_p40,100,40,7,4972167,/scratch/marzii/imitation_runs/demos/noisy_demos_online_nonFS/lunarlander/expert_4615187/n100_p40_s7,done,0.7006,0.5908,262.14,36.96,102.61
noise_online_nonFS_p40,100,40,8,4972168,/scratch/marzii/imitation_runs/demos/noisy_demos_online_nonFS/lunarlander/expert_4615187/n100_p40_s8,done,0.6992,0.6251,243.72,73.39,24.31
noise_online_nonFS_p40,100,40,9,4972169,/scratch/marzii/imitation_runs/demos/noisy_demos_online_nonFS/lunarlander/expert_4615187/n100_p40_s9,done,0.7011,0.4422,156.25,99.50,89.70
noise_online_nonFS_p50,100,50,0,4972170,/scratch/marzii/imitation_runs/demos/noisy_demos_online_nonFS/lunarlander/expert_4615187/n100_p50_s0,done,0.6222,0.4567,78.34,126.40,-19.36
noise_online_nonFS_p50,100,50,1,4972171,/scratch/marzii/imitation_runs/demos/noisy_demos_online_nonFS/lunarlander/expert_4615187/n100_p50_s1,done,0.6218,0.5396,210.79,84.96,83.00
noise_online_nonFS_p50,100,50,2,4972172,/scratch/marzii/imitation_runs/demos/noisy_demos_online_nonFS/lunarlander/expert_4615187/n100_p50_s2,done,0.6173,0.5049,166.50,69.21,54.58
noise_online_nonFS_p50,100,50,3,4972173,/scratch/marzii/imitation_runs/demos/noisy_demos_online_nonFS/lunarlander/expert_4615187/n100_p50_s3,done,0.6236,0.5068,113.30,122.64,21.30
noise_online_nonFS_p50,100,50,4,4972174,/scratch/marzii/imitation_runs/demos/noisy_demos_online_nonFS/lunarlander/expert_4615187/n100_p50_s4,done,0.6223,0.6340,191.81,104.69,60.01
noise_online_nonFS_p50,100,50,5,4972175,/scratch/marzii/imitation_runs/demos/noisy_demos_online_nonFS/lunarlander/expert_4615187/n100_p50_s5,done,0.6216,0.4140,90.17,153.24,3.72
noise_online_nonFS_p50,100,50,6,4972176,/scratch/marzii/imitation_runs/demos/noisy_demos_online_nonFS/lunarlander/expert_4615187/n100_p50_s6,done,0.6215,0.5103,211.69,79.73,2.01
noise_online_nonFS_p50,100,50,7,4972177,/scratch/marzii/imitation_runs/demos/noisy_demos_online_nonFS/lunarlander/expert_4615187/n100_p50_s7,done,0.6263,0.2925,-30.33,108.78,49.40
noise_online_nonFS_p50,100,50,8,4972178,/scratch/marzii/imitation_runs/demos/noisy_demos_online_nonFS/lunarlander/expert_4615187/n100_p50_s8,done,0.6260,0.4061,127.65,100.07,50.78
noise_online_nonFS_p50,100,50,9,4972179,/scratch/marzii/imitation_runs/demos/noisy_demos_online_nonFS/lunarlander/expert_4615187/n100_p50_s9,done,0.6223,0.6122,180.02,147.39,73.95
noise_online_nonFS_p60,100,60,0,4972180,/scratch/marzii/imitation_runs/demos/noisy_demos_online_nonFS/lunarlander/expert_4615187/n100_p60_s0,done,0.5606,0.4138,-154.57,77.06,-32.70
noise_online_nonFS_p60,100,60,1,4972181,/scratch/marzii/imitation_runs/demos/noisy_demos_online_nonFS/lunarlander/expert_4615187/n100_p60_s1,done,0.5479,0.4505,32.75,111.83,-123.71
noise_online_nonFS_p60,100,60,2,4972182,/scratch/marzii/imitation_runs/demos/noisy_demos_online_nonFS/lunarlander/expert_4615187/n100_p60_s2,done,0.5453,0.5085,-21.23,31.17,-89.75
noise_online_nonFS_p60,100,60,3,4972183,/scratch/marzii/imitation_runs/demos/noisy_demos_online_nonFS/lunarlander/expert_4615187/n100_p60_s3,done,0.5468,0.3655,107.03,107.37,-3.10
noise_online_nonFS_p60,100,60,4,4972184,/scratch/marzii/imitation_runs/demos/noisy_demos_online_nonFS/lunarlander/expert_4615187/n100_p60_s4,done,0.5483,0.3715,-132.32,181.76,-46.20
noise_online_nonFS_p60,100,60,5,4972185,/scratch/marzii/imitation_runs/demos/noisy_demos_online_nonFS/lunarlander/expert_4615187/n100_p60_s5,done,0.5415,0.4009,-166.89,182.85,-109.25
noise_online_nonFS_p60,100,60,6,4972186,/scratch/marzii/imitation_runs/demos/noisy_demos_online_nonFS/lunarlander/expert_4615187/n100_p60_s6,done,0.5489,0.3710,-12.80,115.64,-31.00
noise_online_nonFS_p60,100,60,7,4972187,/scratch/marzii/imitation_runs/demos/noisy_demos_online_nonFS/lunarlander/expert_4615187/n100_p60_s7,done,0.5524,0.4220,-90.71,151.80,-63.69
noise_online_nonFS_p60,100,60,8,4972188,/scratch/marzii/imitation_runs/demos/noisy_demos_online_nonFS/lunarlander/expert_4615187/n100_p60_s8,done,0.5516,0.4138,89.79,121.80,-54.07
noise_online_nonFS_p60,100,60,9,4972189,/scratch/marzii/imitation_runs/demos/noisy_demos_online_nonFS/lunarlander/expert_4615187/n100_p60_s9,done,0.5492,0.4997,3.16,179.65,23.05
noise_online_nonFS_p70,100,70,0,4972190,/scratch/marzii/imitation_runs/demos/noisy_demos_online_nonFS/lunarlander/expert_4615187/n100_p70_s0,done,0.4752,0.3237,-194.66,101.99,-123.30
noise_online_nonFS_p70,100,70,1,4972191,/scratch/marzii/imitation_runs/demos/noisy_demos_online_nonFS/lunarlander/expert_4615187/n100_p70_s1,done,0.4736,0.2908,-158.86,126.96,-103.25
noise_online_nonFS_p70,100,70,2,4972192,/scratch/marzii/imitation_runs/demos/noisy_demos_online_nonFS/lunarlander/expert_4615187/n100_p70_s2,done,0.4728,0.4236,-6.16,139.32,-130.09
noise_online_nonFS_p70,100,70,3,4972193,/scratch/marzii/imitation_runs/demos/noisy_demos_online_nonFS/lunarlander/expert_4615187/n100_p70_s3,done,0.4722,0.1798,-385.81,326.10,-101.94
noise_online_nonFS_p70,100,70,4,4972194,/scratch/marzii/imitation_runs/demos/noisy_demos_online_nonFS/lunarlander/expert_4615187/n100_p70_s4,done,0.4697,0.3493,-104.20,52.45,-69.76
noise_online_nonFS_p70,100,70,5,4972195,/scratch/marzii/imitation_runs/demos/noisy_demos_online_nonFS/lunarlander/expert_4615187/n100_p70_s5,done,0.4745,0.3446,-120.02,160.74,-118.26
noise_online_nonFS_p70,100,70,6,4972196,/scratch/marzii/imitation_runs/demos/noisy_demos_online_nonFS/lunarlander/expert_4615187/n100_p70_s6,done,0.4720,0.2624,-192.72,91.11,-125.69
noise_online_nonFS_p70,100,70,7,4972197,/scratch/marzii/imitation_runs/demos/noisy_demos_online_nonFS/lunarlander/expert_4615187/n100_p70_s7,done,0.4773,0.3177,-55.44,139.52,-84.07
noise_online_nonFS_p70,100,70,8,4972198,/scratch/marzii/imitation_runs/demos/noisy_demos_online_nonFS/lunarlander/expert_4615187/n100_p70_s8,done,0.4738,0.2100,-180.88,106.17,-96.45
noise_online_nonFS_p70,100,70,9,4972199,/scratch/marzii/imitation_runs/demos/noisy_demos_online_nonFS/lunarlander/expert_4615187/n100_p70_s9,done,0.4731,0.4231,-33.29,39.02,-85.33
noise_online_nonFS_p75,100,75,0,4972200,/scratch/marzii/imitation_runs/demos/noisy_demos_online_nonFS/lunarlander/expert_4615187/n100_p75_s0,done,0.4352,0.2538,-123.55,87.87,-100.17
noise_online_nonFS_p75,100,75,1,4972201,/scratch/marzii/imitation_runs/demos/noisy_demos_online_nonFS/lunarlander/expert_4615187/n100_p75_s1,done,0.4430,0.3366,-123.34,78.95,-134.77
noise_online_nonFS_p75,100,75,2,4972202,/scratch/marzii/imitation_runs/demos/noisy_demos_online_nonFS/lunarlander/expert_4615187/n100_p75_s2,done,0.4368,0.3164,-69.33,132.28,-99.64
noise_online_nonFS_p75,100,75,3,4972203,/scratch/marzii/imitation_runs/demos/noisy_demos_online_nonFS/lunarlander/expert_4615187/n100_p75_s3,done,0.4357,0.1978,-183.54,66.98,-107.70
noise_online_nonFS_p75,100,75,4,4972204,/scratch/marzii/imitation_runs/demos/noisy_demos_online_nonFS/lunarlander/expert_4615187/n100_p75_s4,done,0.4345,0.2253,-288.24,95.88,-153.64
noise_online_nonFS_p75,100,75,5,4972205,/scratch/marzii/imitation_runs/demos/noisy_demos_online_nonFS/lunarlander/expert_4615187/n100_p75_s5,done,0.4354,0.3833,-116.94,63.45,-144.45
noise_online_nonFS_p75,100,75,6,4972206,/scratch/marzii/imitation_runs/demos/noisy_demos_online_nonFS/lunarlander/expert_4615187/n100_p75_s6,done,0.4328,0.1960,-194.83,91.10,-100.58
noise_online_nonFS_p75,100,75,7,4972207,/scratch/marzii/imitation_runs/demos/noisy_demos_online_nonFS/lunarlander/expert_4615187/n100_p75_s7,done,0.4358,0.2642,-159.93,136.23,-150.27
noise_online_nonFS_p75,100,75,8,4972208,/scratch/marzii/imitation_runs/demos/noisy_demos_online_nonFS/lunarlander/expert_4615187/n100_p75_s8,done,0.4426,0.3914,42.46,104.70,-114.09
noise_online_nonFS_p75,100,75,9,4972209,/scratch/marzii/imitation_runs/demos/noisy_demos_online_nonFS/lunarlander/expert_4615187/n100_p75_s9,done,0.4479,0.2063,68.62,27.45,-70.32
noise_online_nonFS_p80,100,80,0,4972210,/scratch/marzii/imitation_runs/demos/noisy_demos_online_nonFS/lunarlander/expert_4615187/n100_p80_s0,done,0.4057,0.4376,-86.44,105.08,-174.71
noise_online_nonFS_p80,100,80,1,4972211,/scratch/marzii/imitation_runs/demos/noisy_demos_online_nonFS/lunarlander/expert_4615187/n100_p80_s1,done,0.4039,0.1599,-301.48,145.56,-112.57
noise_online_nonFS_p80,100,80,2,4972212,/scratch/marzii/imitation_runs/demos/noisy_demos_online_nonFS/lunarlander/expert_4615187/n100_p80_s2,done,0.4018,0.0386,-1058.75,1092.50,-124.66
noise_online_nonFS_p80,100,80,3,4972213,/scratch/marzii/imitation_runs/demos/noisy_demos_online_nonFS/lunarlander/expert_4615187/n100_p80_s3,done,0.3967,0.3281,-273.70,76.82,-117.90
noise_online_nonFS_p80,100,80,4,4972214,/scratch/marzii/imitation_runs/demos/noisy_demos_online_nonFS/lunarlander/expert_4615187/n100_p80_s4,done,0.4005,0.1796,-129.56,49.41,-128.20
noise_online_nonFS_p80,100,80,5,4972215,/scratch/marzii/imitation_runs/demos/noisy_demos_online_nonFS/lunarlander/expert_4615187/n100_p80_s5,done,0.3923,0.2203,-177.52,61.94,-158.85
noise_online_nonFS_p80,100,80,6,4972216,/scratch/marzii/imitation_runs/demos/noisy_demos_online_nonFS/lunarlander/expert_4615187/n100_p80_s6,done,0.3937,0.3127,-142.80,83.90,-125.82
noise_online_nonFS_p80,100,80,7,4972217,/scratch/marzii/imitation_runs/demos/noisy_demos_online_nonFS/lunarlander/expert_4615187/n100_p80_s7,done,0.4053,0.1296,-143.87,58.68,-134.25
noise_online_nonFS_p80,100,80,8,4972218,/scratch/marzii/imitation_runs/demos/noisy_demos_online_nonFS/lunarlander/expert_4615187/n100_p80_s8,done,0.4023,0.2711,-150.60,51.57,-130.80
noise_online_nonFS_p80,100,80,9,4972219,/scratch/marzii/imitation_runs/demos/noisy_demos_online_nonFS/lunarlander/expert_4615187/n100_p80_s9,done,0.3946,0.3844,-44.89,76.26,-122.05
noise_online_nonFS_p90,100,90,0,4972220,/scratch/marzii/imitation_runs/demos/noisy_demos_online_nonFS/lunarlander/expert_4615187/n100_p90_s0,done,0.3160,0.1173,-178.19,71.86,-198.60
noise_online_nonFS_p90,100,90,1,4972221,/scratch/marzii/imitation_runs/demos/noisy_demos_online_nonFS/lunarlander/expert_4615187/n100_p90_s1,done,0.3225,0.1439,-475.27,230.70,-125.86
noise_online_nonFS_p90,100,90,2,4972222,/scratch/marzii/imitation_runs/demos/noisy_demos_online_nonFS/lunarlander/expert_4615187/n100_p90_s2,done,0.3173,0.0783,-245.69,65.86,-222.94
noise_online_nonFS_p90,100,90,3,4972223,/scratch/marzii/imitation_runs/demos/noisy_demos_online_nonFS/lunarlander/expert_4615187/n100_p90_s3,done,0.3191,0.3111,-198.62,65.78,-142.11
noise_online_nonFS_p90,100,90,4,4972224,/scratch/marzii/imitation_runs/demos/noisy_demos_online_nonFS/lunarlander/expert_4615187/n100_p90_s4,done,0.3370,0.1381,-136.53,44.40,-104.03
noise_online_nonFS_p90,100,90,5,4972225,/scratch/marzii/imitation_runs/demos/noisy_demos_online_nonFS/lunarlander/expert_4615187/n100_p90_s5,done,0.3160,0.2002,-253.47,143.31,-155.22
noise_online_nonFS_p90,100,90,6,4972226,/scratch/marzii/imitation_runs/demos/noisy_demos_online_nonFS/lunarlander/expert_4615187/n100_p90_s6,done,0.3260,0.2666,-136.40,100.83,-135.12
noise_online_nonFS_p90,100,90,7,4972227,/scratch/marzii/imitation_runs/demos/noisy_demos_online_nonFS/lunarlander/expert_4615187/n100_p90_s7,done,0.3335,0.2071,-182.62,79.18,-132.68
noise_online_nonFS_p90,100,90,8,4972228,/scratch/marzii/imitation_runs/demos/noisy_demos_online_nonFS/lunarlander/expert_4615187/n100_p90_s8,done,0.3293,0.1440,-266.50,211.74,-174.28
noise_online_nonFS_p90,100,90,9,4972229,/scratch/marzii/imitation_runs/demos/noisy_demos_online_nonFS/lunarlander/expert_4615187/n100_p90_s9,done,0.3220,0.1894,-123.39,60.02,-155.76
noise_online_nonFS_p100,100,100,0,4972230,/scratch/marzii/imitation_runs/demos/noisy_demos_online_nonFS/lunarlander/expert_4615187/n100_p100_s0,done,0.2465,0.2058,-315.26,40.52,-212.79
noise_online_nonFS_p100,100,100,1,4972231,/scratch/marzii/imitation_runs/demos/noisy_demos_online_nonFS/lunarlander/expert_4615187/n100_p100_s1,done,0.2433,0.1737,-236.64,110.32,-167.23
noise_online_nonFS_p100,100,100,2,4972232,/scratch/marzii/imitation_runs/demos/noisy_demos_online_nonFS/lunarlander/expert_4615187/n100_p100_s2,done,0.2409,0.2364,-149.80,97.58,-169.89
noise_online_nonFS_p100,100,100,3,4972233,/scratch/marzii/imitation_runs/demos/noisy_demos_online_nonFS/lunarlander/expert_4615187/n100_p100_s3,done,0.2526,0.2261,-254.20,103.50,-271.81
noise_online_nonFS_p100,100,100,4,4972234,/scratch/marzii/imitation_runs/demos/noisy_demos_online_nonFS/lunarlander/expert_4615187/n100_p100_s4,done,0.2527,0.0867,-197.55,73.32,-212.09
noise_online_nonFS_p100,100,100,5,4972235,/scratch/marzii/imitation_runs/demos/noisy_demos_online_nonFS/lunarlander/expert_4615187/n100_p100_s5,done,0.2491,0.1701,-184.71,77.68,-173.04
noise_online_nonFS_p100,100,100,6,4972236,/scratch/marzii/imitation_runs/demos/noisy_demos_online_nonFS/lunarlander/expert_4615187/n100_p100_s6,done,0.2498,0.3040,-184.84,77.71,-188.73
noise_online_nonFS_p100,100,100,7,4972237,/scratch/marzii/imitation_runs/demos/noisy_demos_online_nonFS/lunarlander/expert_4615187/n100_p100_s7,done,0.2451,0.1963,-298.32,118.47,-263.31
noise_online_nonFS_p100,100,100,8,4972238,/scratch/marzii/imitation_runs/demos/noisy_demos_online_nonFS/lunarlander/expert_4615187/n100_p100_s8,done,0.2434,0.1139,-157.53,67.89,-206.03
noise_online_nonFS_p100,100,100,9,4972239,/scratch/marzii/imitation_runs/demos/noisy_demos_online_nonFS/lunarlander/expert_4615187/n100_p100_s9,done,0.2516,0.2249,-170.22,79.60,-212.71
count_N500,500,0,0,5153059,/scratch/marzii/imitation_runs/expert/lunarlander/4720242/rollouts/perframe_demos_500,submitted
count_N500,500,0,1,5153060,/scratch/marzii/imitation_runs/expert/lunarlander/4720242/rollouts/perframe_demos_500,submitted
count_N500,500,0,2,5153061,/scratch/marzii/imitation_runs/expert/lunarlander/4720242/rollouts/perframe_demos_500,submitted
count_N500,500,0,3,5153062,/scratch/marzii/imitation_runs/expert/lunarlander/4720242/rollouts/perframe_demos_500,submitted
count_N500,500,0,4,5153063,/scratch/marzii/imitation_runs/expert/lunarlander/4720242/rollouts/perframe_demos_500,submitted
count_N500,500,0,5,5153064,/scratch/marzii/imitation_runs/expert/lunarlander/4720242/rollouts/perframe_demos_500,submitted
count_N500,500,0,6,5153065,/scratch/marzii/imitation_runs/expert/lunarlander/4720242/rollouts/perframe_demos_500,submitted
count_N500,500,0,7,5153066,/scratch/marzii/imitation_runs/expert/lunarlander/4720242/rollouts/perframe_demos_500,submitted
count_N500,500,0,8,5153067,/scratch/marzii/imitation_runs/expert/lunarlander/4720242/rollouts/perframe_demos_500,submitted
count_N500,500,0,9,5153068,/scratch/marzii/imitation_runs/expert/lunarlander/4720242/rollouts/perframe_demos_500,submitted
count_nonFS_N500,500,0,0,5153069,/scratch/marzii/imitation_runs/expert/lunarlander/4615187/rollouts/perframe_demos_500_holdK1,submitted
count_nonFS_N500,500,0,1,5153070,/scratch/marzii/imitation_runs/expert/lunarlander/4615187/rollouts/perframe_demos_500_holdK1,submitted
count_nonFS_N500,500,0,2,5153071,/scratch/marzii/imitation_runs/expert/lunarlander/4615187/rollouts/perframe_demos_500_holdK1,submitted
count_nonFS_N500,500,0,3,5153072,/scratch/marzii/imitation_runs/expert/lunarlander/4615187/rollouts/perframe_demos_500_holdK1,submitted
count_nonFS_N500,500,0,4,5153073,/scratch/marzii/imitation_runs/expert/lunarlander/4615187/rollouts/perframe_demos_500_holdK1,submitted
count_nonFS_N500,500,0,5,5153074,/scratch/marzii/imitation_runs/expert/lunarlander/4615187/rollouts/perframe_demos_500_holdK1,submitted
count_nonFS_N500,500,0,6,5153075,/scratch/marzii/imitation_runs/expert/lunarlander/4615187/rollouts/perframe_demos_500_holdK1,submitted
count_nonFS_N500,500,0,7,5153076,/scratch/marzii/imitation_runs/expert/lunarlander/4615187/rollouts/perframe_demos_500_holdK1,submitted
count_nonFS_N500,500,0,8,5153077,/scratch/marzii/imitation_runs/expert/lunarlander/4615187/rollouts/perframe_demos_500_holdK1,submitted
count_nonFS_N500,500,0,9,5153078,/scratch/marzii/imitation_runs/expert/lunarlander/4615187/rollouts/perframe_demos_500_holdK1,submitted
