condition_id,mode,N,noise_pct,seed,slurm_job_id,demo_path,status
exact_uniform_noise10,exact_uniform,100,10,0,5642073,/scratch/marzii/imitation_runs/noise_variants/demos/exact_uniform/n100_p10_s0,submitted
exact_uniform_noise10,exact_uniform,100,10,1,5642074,/scratch/marzii/imitation_runs/noise_variants/demos/exact_uniform/n100_p10_s1,submitted
exact_uniform_noise10,exact_uniform,100,10,2,5642075,/scratch/marzii/imitation_runs/noise_variants/demos/exact_uniform/n100_p10_s2,submitted
exact_uniform_noise10,exact_uniform,100,10,3,5642076,/scratch/marzii/imitation_runs/noise_variants/demos/exact_uniform/n100_p10_s3,submitted
exact_uniform_noise10,exact_uniform,100,10,4,5642077,/scratch/marzii/imitation_runs/noise_variants/demos/exact_uniform/n100_p10_s4,submitted
exact_uniform_noise10,exact_uniform,100,10,5,5642078,/scratch/marzii/imitation_runs/noise_variants/demos/exact_uniform/n100_p10_s5,submitted
exact_uniform_noise10,exact_uniform,100,10,6,5642079,/scratch/marzii/imitation_runs/noise_variants/demos/exact_uniform/n100_p10_s6,submitted
exact_uniform_noise10,exact_uniform,100,10,7,5642080,/scratch/marzii/imitation_runs/noise_variants/demos/exact_uniform/n100_p10_s7,submitted
exact_uniform_noise10,exact_uniform,100,10,8,5642081,/scratch/marzii/imitation_runs/noise_variants/demos/exact_uniform/n100_p10_s8,submitted
exact_uniform_noise10,exact_uniform,100,10,9,5642082,/scratch/marzii/imitation_runs/noise_variants/demos/exact_uniform/n100_p10_s9,submitted
exact_uniform_noise10,exact_uniform,100,10,10,5642083,/scratch/marzii/imitation_runs/noise_variants/demos/exact_uniform/n100_p10_s10,submitted
exact_uniform_noise10,exact_uniform,100,10,11,5642084,/scratch/marzii/imitation_runs/noise_variants/demos/exact_uniform/n100_p10_s11,submitted
exact_uniform_noise10,exact_uniform,100,10,12,5642085,/scratch/marzii/imitation_runs/noise_variants/demos/exact_uniform/n100_p10_s12,submitted
exact_uniform_noise10,exact_uniform,100,10,13,5642086,/scratch/marzii/imitation_runs/noise_variants/demos/exact_uniform/n100_p10_s13,submitted
exact_uniform_noise10,exact_uniform,100,10,14,5642087,/scratch/marzii/imitation_runs/noise_variants/demos/exact_uniform/n100_p10_s14,submitted
exact_uniform_noise10,exact_uniform,100,10,15,5642088,/scratch/marzii/imitation_runs/noise_variants/demos/exact_uniform/n100_p10_s15,submitted
exact_uniform_noise10,exact_uniform,100,10,16,5642089,/scratch/marzii/imitation_runs/noise_variants/demos/exact_uniform/n100_p10_s16,submitted
exact_uniform_noise10,exact_uniform,100,10,17,5642090,/scratch/marzii/imitation_runs/noise_variants/demos/exact_uniform/n100_p10_s17,submitted
exact_uniform_noise10,exact_uniform,100,10,18,5642091,/scratch/marzii/imitation_runs/noise_variants/demos/exact_uniform/n100_p10_s18,submitted
exact_uniform_noise10,exact_uniform,100,10,19,5642092,/scratch/marzii/imitation_runs/noise_variants/demos/exact_uniform/n100_p10_s19,submitted
exact_uniform_noise10,exact_uniform,100,10,20,5642093,/scratch/marzii/imitation_runs/noise_variants/demos/exact_uniform/n100_p10_s20,submitted
exact_uniform_noise10,exact_uniform,100,10,21,5642094,/scratch/marzii/imitation_runs/noise_variants/demos/exact_uniform/n100_p10_s21,submitted
exact_uniform_noise10,exact_uniform,100,10,22,5642095,/scratch/marzii/imitation_runs/noise_variants/demos/exact_uniform/n100_p10_s22,submitted
exact_uniform_noise10,exact_uniform,100,10,23,5642096,/scratch/marzii/imitation_runs/noise_variants/demos/exact_uniform/n100_p10_s23,submitted
exact_uniform_noise10,exact_uniform,100,10,24,5642097,/scratch/marzii/imitation_runs/noise_variants/demos/exact_uniform/n100_p10_s24,submitted
exact_uniform_noise10,exact_uniform,100,10,25,5642098,/scratch/marzii/imitation_runs/noise_variants/demos/exact_uniform/n100_p10_s25,submitted
exact_uniform_noise10,exact_uniform,100,10,26,5642099,/scratch/marzii/imitation_runs/noise_variants/demos/exact_uniform/n100_p10_s26,submitted
exact_uniform_noise10,exact_uniform,100,10,27,5642100,/scratch/marzii/imitation_runs/noise_variants/demos/exact_uniform/n100_p10_s27,submitted
exact_uniform_noise10,exact_uniform,100,10,28,5642101,/scratch/marzii/imitation_runs/noise_variants/demos/exact_uniform/n100_p10_s28,submitted
exact_uniform_noise10,exact_uniform,100,10,29,5642102,/scratch/marzii/imitation_runs/noise_variants/demos/exact_uniform/n100_p10_s29,submitted
exact_uniform_noise20,exact_uniform,100,20,0,5642103,/scratch/marzii/imitation_runs/noise_variants/demos/exact_uniform/n100_p20_s0,submitted
exact_uniform_noise20,exact_uniform,100,20,1,5642104,/scratch/marzii/imitation_runs/noise_variants/demos/exact_uniform/n100_p20_s1,submitted
exact_uniform_noise20,exact_uniform,100,20,2,5642105,/scratch/marzii/imitation_runs/noise_variants/demos/exact_uniform/n100_p20_s2,submitted
exact_uniform_noise20,exact_uniform,100,20,3,5642106,/scratch/marzii/imitation_runs/noise_variants/demos/exact_uniform/n100_p20_s3,submitted
exact_uniform_noise20,exact_uniform,100,20,4,5642107,/scratch/marzii/imitation_runs/noise_variants/demos/exact_uniform/n100_p20_s4,submitted
exact_uniform_noise20,exact_uniform,100,20,5,5642108,/scratch/marzii/imitation_runs/noise_variants/demos/exact_uniform/n100_p20_s5,submitted
exact_uniform_noise20,exact_uniform,100,20,6,5642109,/scratch/marzii/imitation_runs/noise_variants/demos/exact_uniform/n100_p20_s6,submitted
exact_uniform_noise20,exact_uniform,100,20,7,5642110,/scratch/marzii/imitation_runs/noise_variants/demos/exact_uniform/n100_p20_s7,submitted
exact_uniform_noise20,exact_uniform,100,20,8,5642111,/scratch/marzii/imitation_runs/noise_variants/demos/exact_uniform/n100_p20_s8,submitted
exact_uniform_noise20,exact_uniform,100,20,9,5642112,/scratch/marzii/imitation_runs/noise_variants/demos/exact_uniform/n100_p20_s9,submitted
exact_uniform_noise20,exact_uniform,100,20,10,5642113,/scratch/marzii/imitation_runs/noise_variants/demos/exact_uniform/n100_p20_s10,submitted
exact_uniform_noise20,exact_uniform,100,20,11,5642114,/scratch/marzii/imitation_runs/noise_variants/demos/exact_uniform/n100_p20_s11,submitted
exact_uniform_noise20,exact_uniform,100,20,12,5642115,/scratch/marzii/imitation_runs/noise_variants/demos/exact_uniform/n100_p20_s12,submitted
exact_uniform_noise20,exact_uniform,100,20,13,5642116,/scratch/marzii/imitation_runs/noise_variants/demos/exact_uniform/n100_p20_s13,submitted
exact_uniform_noise20,exact_uniform,100,20,14,5642117,/scratch/marzii/imitation_runs/noise_variants/demos/exact_uniform/n100_p20_s14,submitted
exact_uniform_noise20,exact_uniform,100,20,15,5642118,/scratch/marzii/imitation_runs/noise_variants/demos/exact_uniform/n100_p20_s15,submitted
exact_uniform_noise20,exact_uniform,100,20,16,5642119,/scratch/marzii/imitation_runs/noise_variants/demos/exact_uniform/n100_p20_s16,submitted
exact_uniform_noise20,exact_uniform,100,20,17,5642120,/scratch/marzii/imitation_runs/noise_variants/demos/exact_uniform/n100_p20_s17,submitted
exact_uniform_noise20,exact_uniform,100,20,18,5642121,/scratch/marzii/imitation_runs/noise_variants/demos/exact_uniform/n100_p20_s18,submitted
exact_uniform_noise20,exact_uniform,100,20,19,5642122,/scratch/marzii/imitation_runs/noise_variants/demos/exact_uniform/n100_p20_s19,submitted
exact_uniform_noise20,exact_uniform,100,20,20,5642123,/scratch/marzii/imitation_runs/noise_variants/demos/exact_uniform/n100_p20_s20,submitted
exact_uniform_noise20,exact_uniform,100,20,21,5642124,/scratch/marzii/imitation_runs/noise_variants/demos/exact_uniform/n100_p20_s21,submitted
exact_uniform_noise20,exact_uniform,100,20,22,5642125,/scratch/marzii/imitation_runs/noise_variants/demos/exact_uniform/n100_p20_s22,submitted
exact_uniform_noise20,exact_uniform,100,20,23,5642126,/scratch/marzii/imitation_runs/noise_variants/demos/exact_uniform/n100_p20_s23,submitted
exact_uniform_noise20,exact_uniform,100,20,24,5642127,/scratch/marzii/imitation_runs/noise_variants/demos/exact_uniform/n100_p20_s24,submitted
exact_uniform_noise20,exact_uniform,100,20,25,5642128,/scratch/marzii/imitation_runs/noise_variants/demos/exact_uniform/n100_p20_s25,submitted
exact_uniform_noise20,exact_uniform,100,20,26,5642129,/scratch/marzii/imitation_runs/noise_variants/demos/exact_uniform/n100_p20_s26,submitted
exact_uniform_noise20,exact_uniform,100,20,27,5642130,/scratch/marzii/imitation_runs/noise_variants/demos/exact_uniform/n100_p20_s27,submitted
exact_uniform_noise20,exact_uniform,100,20,28,5642131,/scratch/marzii/imitation_runs/noise_variants/demos/exact_uniform/n100_p20_s28,submitted
exact_uniform_noise20,exact_uniform,100,20,29,5642132,/scratch/marzii/imitation_runs/noise_variants/demos/exact_uniform/n100_p20_s29,submitted
exact_uniform_noise30,exact_uniform,100,30,0,5642133,/scratch/marzii/imitation_runs/noise_variants/demos/exact_uniform/n100_p30_s0,submitted
exact_uniform_noise30,exact_uniform,100,30,1,5642134,/scratch/marzii/imitation_runs/noise_variants/demos/exact_uniform/n100_p30_s1,submitted
exact_uniform_noise30,exact_uniform,100,30,2,5642135,/scratch/marzii/imitation_runs/noise_variants/demos/exact_uniform/n100_p30_s2,submitted
exact_uniform_noise30,exact_uniform,100,30,3,5642136,/scratch/marzii/imitation_runs/noise_variants/demos/exact_uniform/n100_p30_s3,submitted
exact_uniform_noise30,exact_uniform,100,30,4,5642137,/scratch/marzii/imitation_runs/noise_variants/demos/exact_uniform/n100_p30_s4,submitted
exact_uniform_noise30,exact_uniform,100,30,5,5642138,/scratch/marzii/imitation_runs/noise_variants/demos/exact_uniform/n100_p30_s5,submitted
exact_uniform_noise30,exact_uniform,100,30,6,5642139,/scratch/marzii/imitation_runs/noise_variants/demos/exact_uniform/n100_p30_s6,submitted
exact_uniform_noise30,exact_uniform,100,30,7,5642140,/scratch/marzii/imitation_runs/noise_variants/demos/exact_uniform/n100_p30_s7,submitted
exact_uniform_noise30,exact_uniform,100,30,8,5642141,/scratch/marzii/imitation_runs/noise_variants/demos/exact_uniform/n100_p30_s8,submitted
exact_uniform_noise30,exact_uniform,100,30,9,5642142,/scratch/marzii/imitation_runs/noise_variants/demos/exact_uniform/n100_p30_s9,submitted
exact_uniform_noise30,exact_uniform,100,30,10,5642143,/scratch/marzii/imitation_runs/noise_variants/demos/exact_uniform/n100_p30_s10,submitted
exact_uniform_noise30,exact_uniform,100,30,11,5642144,/scratch/marzii/imitation_runs/noise_variants/demos/exact_uniform/n100_p30_s11,submitted
exact_uniform_noise30,exact_uniform,100,30,12,5642145,/scratch/marzii/imitation_runs/noise_variants/demos/exact_uniform/n100_p30_s12,submitted
exact_uniform_noise30,exact_uniform,100,30,13,5642146,/scratch/marzii/imitation_runs/noise_variants/demos/exact_uniform/n100_p30_s13,submitted
exact_uniform_noise30,exact_uniform,100,30,14,5642147,/scratch/marzii/imitation_runs/noise_variants/demos/exact_uniform/n100_p30_s14,submitted
exact_uniform_noise30,exact_uniform,100,30,15,5642148,/scratch/marzii/imitation_runs/noise_variants/demos/exact_uniform/n100_p30_s15,submitted
exact_uniform_noise30,exact_uniform,100,30,16,5642149,/scratch/marzii/imitation_runs/noise_variants/demos/exact_uniform/n100_p30_s16,submitted
exact_uniform_noise30,exact_uniform,100,30,17,5642150,/scratch/marzii/imitation_runs/noise_variants/demos/exact_uniform/n100_p30_s17,submitted
exact_uniform_noise30,exact_uniform,100,30,18,5642151,/scratch/marzii/imitation_runs/noise_variants/demos/exact_uniform/n100_p30_s18,submitted
exact_uniform_noise30,exact_uniform,100,30,19,5642152,/scratch/marzii/imitation_runs/noise_variants/demos/exact_uniform/n100_p30_s19,submitted
exact_uniform_noise30,exact_uniform,100,30,20,5642153,/scratch/marzii/imitation_runs/noise_variants/demos/exact_uniform/n100_p30_s20,submitted
exact_uniform_noise30,exact_uniform,100,30,21,5642154,/scratch/marzii/imitation_runs/noise_variants/demos/exact_uniform/n100_p30_s21,submitted
exact_uniform_noise30,exact_uniform,100,30,22,5642155,/scratch/marzii/imitation_runs/noise_variants/demos/exact_uniform/n100_p30_s22,submitted
exact_uniform_noise30,exact_uniform,100,30,23,5642156,/scratch/marzii/imitation_runs/noise_variants/demos/exact_uniform/n100_p30_s23,submitted
exact_uniform_noise30,exact_uniform,100,30,24,5642157,/scratch/marzii/imitation_runs/noise_variants/demos/exact_uniform/n100_p30_s24,submitted
exact_uniform_noise30,exact_uniform,100,30,25,5642158,/scratch/marzii/imitation_runs/noise_variants/demos/exact_uniform/n100_p30_s25,submitted
exact_uniform_noise30,exact_uniform,100,30,26,5642159,/scratch/marzii/imitation_runs/noise_variants/demos/exact_uniform/n100_p30_s26,submitted
exact_uniform_noise30,exact_uniform,100,30,27,5642160,/scratch/marzii/imitation_runs/noise_variants/demos/exact_uniform/n100_p30_s27,submitted
exact_uniform_noise30,exact_uniform,100,30,28,5642161,/scratch/marzii/imitation_runs/noise_variants/demos/exact_uniform/n100_p30_s28,submitted
exact_uniform_noise30,exact_uniform,100,30,29,5642162,/scratch/marzii/imitation_runs/noise_variants/demos/exact_uniform/n100_p30_s29,submitted
exact_uniform_noise40,exact_uniform,100,40,0,5642163,/scratch/marzii/imitation_runs/noise_variants/demos/exact_uniform/n100_p40_s0,submitted
exact_uniform_noise40,exact_uniform,100,40,1,5642164,/scratch/marzii/imitation_runs/noise_variants/demos/exact_uniform/n100_p40_s1,submitted
exact_uniform_noise40,exact_uniform,100,40,2,5642165,/scratch/marzii/imitation_runs/noise_variants/demos/exact_uniform/n100_p40_s2,submitted
exact_uniform_noise40,exact_uniform,100,40,3,5642166,/scratch/marzii/imitation_runs/noise_variants/demos/exact_uniform/n100_p40_s3,submitted
exact_uniform_noise40,exact_uniform,100,40,4,5642167,/scratch/marzii/imitation_runs/noise_variants/demos/exact_uniform/n100_p40_s4,submitted
exact_uniform_noise40,exact_uniform,100,40,5,5642168,/scratch/marzii/imitation_runs/noise_variants/demos/exact_uniform/n100_p40_s5,submitted
exact_uniform_noise40,exact_uniform,100,40,6,5642169,/scratch/marzii/imitation_runs/noise_variants/demos/exact_uniform/n100_p40_s6,submitted
exact_uniform_noise40,exact_uniform,100,40,7,5642170,/scratch/marzii/imitation_runs/noise_variants/demos/exact_uniform/n100_p40_s7,submitted
exact_uniform_noise40,exact_uniform,100,40,8,5642171,/scratch/marzii/imitation_runs/noise_variants/demos/exact_uniform/n100_p40_s8,submitted
exact_uniform_noise40,exact_uniform,100,40,9,5642172,/scratch/marzii/imitation_runs/noise_variants/demos/exact_uniform/n100_p40_s9,submitted
exact_uniform_noise40,exact_uniform,100,40,10,5642173,/scratch/marzii/imitation_runs/noise_variants/demos/exact_uniform/n100_p40_s10,submitted
exact_uniform_noise40,exact_uniform,100,40,11,5642174,/scratch/marzii/imitation_runs/noise_variants/demos/exact_uniform/n100_p40_s11,submitted
exact_uniform_noise40,exact_uniform,100,40,12,5642175,/scratch/marzii/imitation_runs/noise_variants/demos/exact_uniform/n100_p40_s12,submitted
exact_uniform_noise40,exact_uniform,100,40,13,5642176,/scratch/marzii/imitation_runs/noise_variants/demos/exact_uniform/n100_p40_s13,submitted
exact_uniform_noise40,exact_uniform,100,40,14,5642177,/scratch/marzii/imitation_runs/noise_variants/demos/exact_uniform/n100_p40_s14,submitted
exact_uniform_noise40,exact_uniform,100,40,15,5642178,/scratch/marzii/imitation_runs/noise_variants/demos/exact_uniform/n100_p40_s15,submitted
exact_uniform_noise40,exact_uniform,100,40,16,5642179,/scratch/marzii/imitation_runs/noise_variants/demos/exact_uniform/n100_p40_s16,submitted
exact_uniform_noise40,exact_uniform,100,40,17,5642180,/scratch/marzii/imitation_runs/noise_variants/demos/exact_uniform/n100_p40_s17,submitted
exact_uniform_noise40,exact_uniform,100,40,18,5642181,/scratch/marzii/imitation_runs/noise_variants/demos/exact_uniform/n100_p40_s18,submitted
exact_uniform_noise40,exact_uniform,100,40,19,5642182,/scratch/marzii/imitation_runs/noise_variants/demos/exact_uniform/n100_p40_s19,submitted
exact_uniform_noise40,exact_uniform,100,40,20,5642183,/scratch/marzii/imitation_runs/noise_variants/demos/exact_uniform/n100_p40_s20,submitted
exact_uniform_noise40,exact_uniform,100,40,21,5642184,/scratch/marzii/imitation_runs/noise_variants/demos/exact_uniform/n100_p40_s21,submitted
exact_uniform_noise40,exact_uniform,100,40,22,5642185,/scratch/marzii/imitation_runs/noise_variants/demos/exact_uniform/n100_p40_s22,submitted
exact_uniform_noise40,exact_uniform,100,40,23,5642186,/scratch/marzii/imitation_runs/noise_variants/demos/exact_uniform/n100_p40_s23,submitted
exact_uniform_noise40,exact_uniform,100,40,24,5642187,/scratch/marzii/imitation_runs/noise_variants/demos/exact_uniform/n100_p40_s24,submitted
exact_uniform_noise40,exact_uniform,100,40,25,5642188,/scratch/marzii/imitation_runs/noise_variants/demos/exact_uniform/n100_p40_s25,submitted
exact_uniform_noise40,exact_uniform,100,40,26,5642189,/scratch/marzii/imitation_runs/noise_variants/demos/exact_uniform/n100_p40_s26,submitted
exact_uniform_noise40,exact_uniform,100,40,27,5642190,/scratch/marzii/imitation_runs/noise_variants/demos/exact_uniform/n100_p40_s27,submitted
exact_uniform_noise40,exact_uniform,100,40,28,5642191,/scratch/marzii/imitation_runs/noise_variants/demos/exact_uniform/n100_p40_s28,submitted
exact_uniform_noise40,exact_uniform,100,40,29,5642192,/scratch/marzii/imitation_runs/noise_variants/demos/exact_uniform/n100_p40_s29,submitted
exact_uniform_noise50,exact_uniform,100,50,0,5642193,/scratch/marzii/imitation_runs/noise_variants/demos/exact_uniform/n100_p50_s0,submitted
exact_uniform_noise50,exact_uniform,100,50,1,5642194,/scratch/marzii/imitation_runs/noise_variants/demos/exact_uniform/n100_p50_s1,submitted
exact_uniform_noise50,exact_uniform,100,50,2,5642195,/scratch/marzii/imitation_runs/noise_variants/demos/exact_uniform/n100_p50_s2,submitted
exact_uniform_noise50,exact_uniform,100,50,3,5642196,/scratch/marzii/imitation_runs/noise_variants/demos/exact_uniform/n100_p50_s3,submitted
exact_uniform_noise50,exact_uniform,100,50,4,5642197,/scratch/marzii/imitation_runs/noise_variants/demos/exact_uniform/n100_p50_s4,submitted
exact_uniform_noise50,exact_uniform,100,50,5,5642198,/scratch/marzii/imitation_runs/noise_variants/demos/exact_uniform/n100_p50_s5,submitted
exact_uniform_noise50,exact_uniform,100,50,6,5642199,/scratch/marzii/imitation_runs/noise_variants/demos/exact_uniform/n100_p50_s6,submitted
exact_uniform_noise50,exact_uniform,100,50,7,5642200,/scratch/marzii/imitation_runs/noise_variants/demos/exact_uniform/n100_p50_s7,submitted
exact_uniform_noise50,exact_uniform,100,50,8,5642201,/scratch/marzii/imitation_runs/noise_variants/demos/exact_uniform/n100_p50_s8,submitted
exact_uniform_noise50,exact_uniform,100,50,9,5642202,/scratch/marzii/imitation_runs/noise_variants/demos/exact_uniform/n100_p50_s9,submitted
exact_uniform_noise50,exact_uniform,100,50,10,5642203,/scratch/marzii/imitation_runs/noise_variants/demos/exact_uniform/n100_p50_s10,submitted
exact_uniform_noise50,exact_uniform,100,50,11,5642204,/scratch/marzii/imitation_runs/noise_variants/demos/exact_uniform/n100_p50_s11,submitted
exact_uniform_noise50,exact_uniform,100,50,12,5642205,/scratch/marzii/imitation_runs/noise_variants/demos/exact_uniform/n100_p50_s12,submitted
exact_uniform_noise50,exact_uniform,100,50,13,5642206,/scratch/marzii/imitation_runs/noise_variants/demos/exact_uniform/n100_p50_s13,submitted
exact_uniform_noise50,exact_uniform,100,50,14,5642207,/scratch/marzii/imitation_runs/noise_variants/demos/exact_uniform/n100_p50_s14,submitted
exact_uniform_noise50,exact_uniform,100,50,15,5642208,/scratch/marzii/imitation_runs/noise_variants/demos/exact_uniform/n100_p50_s15,submitted
exact_uniform_noise50,exact_uniform,100,50,16,5642209,/scratch/marzii/imitation_runs/noise_variants/demos/exact_uniform/n100_p50_s16,submitted
exact_uniform_noise50,exact_uniform,100,50,17,5642210,/scratch/marzii/imitation_runs/noise_variants/demos/exact_uniform/n100_p50_s17,submitted
exact_uniform_noise50,exact_uniform,100,50,18,5642211,/scratch/marzii/imitation_runs/noise_variants/demos/exact_uniform/n100_p50_s18,submitted
exact_uniform_noise50,exact_uniform,100,50,19,5642212,/scratch/marzii/imitation_runs/noise_variants/demos/exact_uniform/n100_p50_s19,submitted
exact_uniform_noise50,exact_uniform,100,50,20,5642213,/scratch/marzii/imitation_runs/noise_variants/demos/exact_uniform/n100_p50_s20,submitted
exact_uniform_noise50,exact_uniform,100,50,21,5642214,/scratch/marzii/imitation_runs/noise_variants/demos/exact_uniform/n100_p50_s21,submitted
exact_uniform_noise50,exact_uniform,100,50,22,5642215,/scratch/marzii/imitation_runs/noise_variants/demos/exact_uniform/n100_p50_s22,submitted
exact_uniform_noise50,exact_uniform,100,50,23,5642216,/scratch/marzii/imitation_runs/noise_variants/demos/exact_uniform/n100_p50_s23,submitted
exact_uniform_noise50,exact_uniform,100,50,24,5642217,/scratch/marzii/imitation_runs/noise_variants/demos/exact_uniform/n100_p50_s24,submitted
exact_uniform_noise50,exact_uniform,100,50,25,5642218,/scratch/marzii/imitation_runs/noise_variants/demos/exact_uniform/n100_p50_s25,submitted
exact_uniform_noise50,exact_uniform,100,50,26,5642219,/scratch/marzii/imitation_runs/noise_variants/demos/exact_uniform/n100_p50_s26,submitted
exact_uniform_noise50,exact_uniform,100,50,27,5642220,/scratch/marzii/imitation_runs/noise_variants/demos/exact_uniform/n100_p50_s27,submitted
exact_uniform_noise50,exact_uniform,100,50,28,5642221,/scratch/marzii/imitation_runs/noise_variants/demos/exact_uniform/n100_p50_s28,submitted
exact_uniform_noise50,exact_uniform,100,50,29,5642222,/scratch/marzii/imitation_runs/noise_variants/demos/exact_uniform/n100_p50_s29,submitted
exact_uniform_noise60,exact_uniform,100,60,0,5642223,/scratch/marzii/imitation_runs/noise_variants/demos/exact_uniform/n100_p60_s0,submitted
exact_uniform_noise60,exact_uniform,100,60,1,5642224,/scratch/marzii/imitation_runs/noise_variants/demos/exact_uniform/n100_p60_s1,submitted
exact_uniform_noise60,exact_uniform,100,60,2,5642225,/scratch/marzii/imitation_runs/noise_variants/demos/exact_uniform/n100_p60_s2,submitted
exact_uniform_noise60,exact_uniform,100,60,3,5642226,/scratch/marzii/imitation_runs/noise_variants/demos/exact_uniform/n100_p60_s3,submitted
exact_uniform_noise60,exact_uniform,100,60,4,5642227,/scratch/marzii/imitation_runs/noise_variants/demos/exact_uniform/n100_p60_s4,submitted
exact_uniform_noise60,exact_uniform,100,60,5,5642228,/scratch/marzii/imitation_runs/noise_variants/demos/exact_uniform/n100_p60_s5,submitted
exact_uniform_noise60,exact_uniform,100,60,6,5642229,/scratch/marzii/imitation_runs/noise_variants/demos/exact_uniform/n100_p60_s6,submitted
exact_uniform_noise60,exact_uniform,100,60,7,5642230,/scratch/marzii/imitation_runs/noise_variants/demos/exact_uniform/n100_p60_s7,submitted
exact_uniform_noise60,exact_uniform,100,60,8,5642231,/scratch/marzii/imitation_runs/noise_variants/demos/exact_uniform/n100_p60_s8,submitted
exact_uniform_noise60,exact_uniform,100,60,9,5642232,/scratch/marzii/imitation_runs/noise_variants/demos/exact_uniform/n100_p60_s9,submitted
exact_uniform_noise60,exact_uniform,100,60,10,5642233,/scratch/marzii/imitation_runs/noise_variants/demos/exact_uniform/n100_p60_s10,submitted
exact_uniform_noise60,exact_uniform,100,60,11,5642234,/scratch/marzii/imitation_runs/noise_variants/demos/exact_uniform/n100_p60_s11,submitted
exact_uniform_noise60,exact_uniform,100,60,12,5642235,/scratch/marzii/imitation_runs/noise_variants/demos/exact_uniform/n100_p60_s12,submitted
exact_uniform_noise60,exact_uniform,100,60,13,5642236,/scratch/marzii/imitation_runs/noise_variants/demos/exact_uniform/n100_p60_s13,submitted
exact_uniform_noise60,exact_uniform,100,60,14,5642237,/scratch/marzii/imitation_runs/noise_variants/demos/exact_uniform/n100_p60_s14,submitted
exact_uniform_noise60,exact_uniform,100,60,15,5642238,/scratch/marzii/imitation_runs/noise_variants/demos/exact_uniform/n100_p60_s15,submitted
exact_uniform_noise60,exact_uniform,100,60,16,5642239,/scratch/marzii/imitation_runs/noise_variants/demos/exact_uniform/n100_p60_s16,submitted
exact_uniform_noise60,exact_uniform,100,60,17,5642240,/scratch/marzii/imitation_runs/noise_variants/demos/exact_uniform/n100_p60_s17,submitted
exact_uniform_noise60,exact_uniform,100,60,18,5642241,/scratch/marzii/imitation_runs/noise_variants/demos/exact_uniform/n100_p60_s18,submitted
exact_uniform_noise60,exact_uniform,100,60,19,5642242,/scratch/marzii/imitation_runs/noise_variants/demos/exact_uniform/n100_p60_s19,submitted
exact_uniform_noise60,exact_uniform,100,60,20,5642243,/scratch/marzii/imitation_runs/noise_variants/demos/exact_uniform/n100_p60_s20,submitted
exact_uniform_noise60,exact_uniform,100,60,21,5642244,/scratch/marzii/imitation_runs/noise_variants/demos/exact_uniform/n100_p60_s21,submitted
exact_uniform_noise60,exact_uniform,100,60,22,5642245,/scratch/marzii/imitation_runs/noise_variants/demos/exact_uniform/n100_p60_s22,submitted
exact_uniform_noise60,exact_uniform,100,60,23,5642246,/scratch/marzii/imitation_runs/noise_variants/demos/exact_uniform/n100_p60_s23,submitted
exact_uniform_noise60,exact_uniform,100,60,24,5642247,/scratch/marzii/imitation_runs/noise_variants/demos/exact_uniform/n100_p60_s24,submitted
exact_uniform_noise60,exact_uniform,100,60,25,5642248,/scratch/marzii/imitation_runs/noise_variants/demos/exact_uniform/n100_p60_s25,submitted
exact_uniform_noise60,exact_uniform,100,60,26,5642249,/scratch/marzii/imitation_runs/noise_variants/demos/exact_uniform/n100_p60_s26,submitted
exact_uniform_noise60,exact_uniform,100,60,27,5642250,/scratch/marzii/imitation_runs/noise_variants/demos/exact_uniform/n100_p60_s27,submitted
exact_uniform_noise60,exact_uniform,100,60,28,5642251,/scratch/marzii/imitation_runs/noise_variants/demos/exact_uniform/n100_p60_s28,submitted
exact_uniform_noise60,exact_uniform,100,60,29,5642252,/scratch/marzii/imitation_runs/noise_variants/demos/exact_uniform/n100_p60_s29,submitted
exact_uniform_noise70,exact_uniform,100,70,0,5642253,/scratch/marzii/imitation_runs/noise_variants/demos/exact_uniform/n100_p70_s0,submitted
exact_uniform_noise70,exact_uniform,100,70,1,5642254,/scratch/marzii/imitation_runs/noise_variants/demos/exact_uniform/n100_p70_s1,submitted
exact_uniform_noise70,exact_uniform,100,70,2,5642255,/scratch/marzii/imitation_runs/noise_variants/demos/exact_uniform/n100_p70_s2,submitted
exact_uniform_noise70,exact_uniform,100,70,3,5642256,/scratch/marzii/imitation_runs/noise_variants/demos/exact_uniform/n100_p70_s3,submitted
exact_uniform_noise70,exact_uniform,100,70,4,5642257,/scratch/marzii/imitation_runs/noise_variants/demos/exact_uniform/n100_p70_s4,submitted
exact_uniform_noise70,exact_uniform,100,70,5,5642258,/scratch/marzii/imitation_runs/noise_variants/demos/exact_uniform/n100_p70_s5,submitted
exact_uniform_noise70,exact_uniform,100,70,6,5642259,/scratch/marzii/imitation_runs/noise_variants/demos/exact_uniform/n100_p70_s6,submitted
exact_uniform_noise70,exact_uniform,100,70,7,5642260,/scratch/marzii/imitation_runs/noise_variants/demos/exact_uniform/n100_p70_s7,submitted
exact_uniform_noise70,exact_uniform,100,70,8,5642261,/scratch/marzii/imitation_runs/noise_variants/demos/exact_uniform/n100_p70_s8,submitted
exact_uniform_noise70,exact_uniform,100,70,9,5642262,/scratch/marzii/imitation_runs/noise_variants/demos/exact_uniform/n100_p70_s9,submitted
exact_uniform_noise70,exact_uniform,100,70,10,5642263,/scratch/marzii/imitation_runs/noise_variants/demos/exact_uniform/n100_p70_s10,submitted
exact_uniform_noise70,exact_uniform,100,70,11,5642264,/scratch/marzii/imitation_runs/noise_variants/demos/exact_uniform/n100_p70_s11,submitted
exact_uniform_noise70,exact_uniform,100,70,12,5642265,/scratch/marzii/imitation_runs/noise_variants/demos/exact_uniform/n100_p70_s12,submitted
exact_uniform_noise70,exact_uniform,100,70,13,5642266,/scratch/marzii/imitation_runs/noise_variants/demos/exact_uniform/n100_p70_s13,submitted
exact_uniform_noise70,exact_uniform,100,70,14,5642267,/scratch/marzii/imitation_runs/noise_variants/demos/exact_uniform/n100_p70_s14,submitted
exact_uniform_noise70,exact_uniform,100,70,15,5642268,/scratch/marzii/imitation_runs/noise_variants/demos/exact_uniform/n100_p70_s15,submitted
exact_uniform_noise70,exact_uniform,100,70,16,5642269,/scratch/marzii/imitation_runs/noise_variants/demos/exact_uniform/n100_p70_s16,submitted
exact_uniform_noise70,exact_uniform,100,70,17,5642270,/scratch/marzii/imitation_runs/noise_variants/demos/exact_uniform/n100_p70_s17,submitted
exact_uniform_noise70,exact_uniform,100,70,18,5642271,/scratch/marzii/imitation_runs/noise_variants/demos/exact_uniform/n100_p70_s18,submitted
exact_uniform_noise70,exact_uniform,100,70,19,5642272,/scratch/marzii/imitation_runs/noise_variants/demos/exact_uniform/n100_p70_s19,submitted
exact_uniform_noise70,exact_uniform,100,70,20,5642273,/scratch/marzii/imitation_runs/noise_variants/demos/exact_uniform/n100_p70_s20,submitted
exact_uniform_noise70,exact_uniform,100,70,21,5642274,/scratch/marzii/imitation_runs/noise_variants/demos/exact_uniform/n100_p70_s21,submitted
exact_uniform_noise70,exact_uniform,100,70,22,5642275,/scratch/marzii/imitation_runs/noise_variants/demos/exact_uniform/n100_p70_s22,submitted
exact_uniform_noise70,exact_uniform,100,70,23,5642276,/scratch/marzii/imitation_runs/noise_variants/demos/exact_uniform/n100_p70_s23,submitted
exact_uniform_noise70,exact_uniform,100,70,24,5642277,/scratch/marzii/imitation_runs/noise_variants/demos/exact_uniform/n100_p70_s24,submitted
exact_uniform_noise70,exact_uniform,100,70,25,5642278,/scratch/marzii/imitation_runs/noise_variants/demos/exact_uniform/n100_p70_s25,submitted
exact_uniform_noise70,exact_uniform,100,70,26,5642279,/scratch/marzii/imitation_runs/noise_variants/demos/exact_uniform/n100_p70_s26,submitted
exact_uniform_noise70,exact_uniform,100,70,27,5642280,/scratch/marzii/imitation_runs/noise_variants/demos/exact_uniform/n100_p70_s27,submitted
exact_uniform_noise70,exact_uniform,100,70,28,5642281,/scratch/marzii/imitation_runs/noise_variants/demos/exact_uniform/n100_p70_s28,submitted
exact_uniform_noise70,exact_uniform,100,70,29,5642282,/scratch/marzii/imitation_runs/noise_variants/demos/exact_uniform/n100_p70_s29,submitted
exact_uniform_noise80,exact_uniform,100,80,0,5642283,/scratch/marzii/imitation_runs/noise_variants/demos/exact_uniform/n100_p80_s0,submitted
exact_uniform_noise80,exact_uniform,100,80,1,5642284,/scratch/marzii/imitation_runs/noise_variants/demos/exact_uniform/n100_p80_s1,submitted
exact_uniform_noise80,exact_uniform,100,80,2,5642285,/scratch/marzii/imitation_runs/noise_variants/demos/exact_uniform/n100_p80_s2,submitted
exact_uniform_noise80,exact_uniform,100,80,3,5642286,/scratch/marzii/imitation_runs/noise_variants/demos/exact_uniform/n100_p80_s3,submitted
exact_uniform_noise80,exact_uniform,100,80,4,5642287,/scratch/marzii/imitation_runs/noise_variants/demos/exact_uniform/n100_p80_s4,submitted
exact_uniform_noise80,exact_uniform,100,80,5,5642288,/scratch/marzii/imitation_runs/noise_variants/demos/exact_uniform/n100_p80_s5,submitted
exact_uniform_noise80,exact_uniform,100,80,6,5642289,/scratch/marzii/imitation_runs/noise_variants/demos/exact_uniform/n100_p80_s6,submitted
exact_uniform_noise80,exact_uniform,100,80,7,5642290,/scratch/marzii/imitation_runs/noise_variants/demos/exact_uniform/n100_p80_s7,submitted
exact_uniform_noise80,exact_uniform,100,80,8,5642291,/scratch/marzii/imitation_runs/noise_variants/demos/exact_uniform/n100_p80_s8,submitted
exact_uniform_noise80,exact_uniform,100,80,9,5642292,/scratch/marzii/imitation_runs/noise_variants/demos/exact_uniform/n100_p80_s9,submitted
exact_uniform_noise80,exact_uniform,100,80,10,5642293,/scratch/marzii/imitation_runs/noise_variants/demos/exact_uniform/n100_p80_s10,submitted
exact_uniform_noise80,exact_uniform,100,80,11,5642294,/scratch/marzii/imitation_runs/noise_variants/demos/exact_uniform/n100_p80_s11,submitted
exact_uniform_noise80,exact_uniform,100,80,12,5642295,/scratch/marzii/imitation_runs/noise_variants/demos/exact_uniform/n100_p80_s12,submitted
exact_uniform_noise80,exact_uniform,100,80,13,5642296,/scratch/marzii/imitation_runs/noise_variants/demos/exact_uniform/n100_p80_s13,submitted
exact_uniform_noise80,exact_uniform,100,80,14,5642297,/scratch/marzii/imitation_runs/noise_variants/demos/exact_uniform/n100_p80_s14,submitted
exact_uniform_noise80,exact_uniform,100,80,15,5642298,/scratch/marzii/imitation_runs/noise_variants/demos/exact_uniform/n100_p80_s15,submitted
exact_uniform_noise80,exact_uniform,100,80,16,5642299,/scratch/marzii/imitation_runs/noise_variants/demos/exact_uniform/n100_p80_s16,submitted
exact_uniform_noise80,exact_uniform,100,80,17,5642300,/scratch/marzii/imitation_runs/noise_variants/demos/exact_uniform/n100_p80_s17,submitted
exact_uniform_noise80,exact_uniform,100,80,18,5642301,/scratch/marzii/imitation_runs/noise_variants/demos/exact_uniform/n100_p80_s18,submitted
exact_uniform_noise80,exact_uniform,100,80,19,5642302,/scratch/marzii/imitation_runs/noise_variants/demos/exact_uniform/n100_p80_s19,submitted
exact_uniform_noise80,exact_uniform,100,80,20,5642303,/scratch/marzii/imitation_runs/noise_variants/demos/exact_uniform/n100_p80_s20,submitted
exact_uniform_noise80,exact_uniform,100,80,21,5642304,/scratch/marzii/imitation_runs/noise_variants/demos/exact_uniform/n100_p80_s21,submitted
exact_uniform_noise80,exact_uniform,100,80,22,5642305,/scratch/marzii/imitation_runs/noise_variants/demos/exact_uniform/n100_p80_s22,submitted
exact_uniform_noise80,exact_uniform,100,80,23,5642306,/scratch/marzii/imitation_runs/noise_variants/demos/exact_uniform/n100_p80_s23,submitted
exact_uniform_noise80,exact_uniform,100,80,24,5642307,/scratch/marzii/imitation_runs/noise_variants/demos/exact_uniform/n100_p80_s24,submitted
exact_uniform_noise80,exact_uniform,100,80,25,5642308,/scratch/marzii/imitation_runs/noise_variants/demos/exact_uniform/n100_p80_s25,submitted
exact_uniform_noise80,exact_uniform,100,80,26,5642309,/scratch/marzii/imitation_runs/noise_variants/demos/exact_uniform/n100_p80_s26,submitted
exact_uniform_noise80,exact_uniform,100,80,27,5642310,/scratch/marzii/imitation_runs/noise_variants/demos/exact_uniform/n100_p80_s27,submitted
exact_uniform_noise80,exact_uniform,100,80,28,5642311,/scratch/marzii/imitation_runs/noise_variants/demos/exact_uniform/n100_p80_s28,submitted
exact_uniform_noise80,exact_uniform,100,80,29,5642312,/scratch/marzii/imitation_runs/noise_variants/demos/exact_uniform/n100_p80_s29,submitted
exact_uniform_noise90,exact_uniform,100,90,0,5642313,/scratch/marzii/imitation_runs/noise_variants/demos/exact_uniform/n100_p90_s0,submitted
exact_uniform_noise90,exact_uniform,100,90,1,5642314,/scratch/marzii/imitation_runs/noise_variants/demos/exact_uniform/n100_p90_s1,submitted
exact_uniform_noise90,exact_uniform,100,90,2,5642315,/scratch/marzii/imitation_runs/noise_variants/demos/exact_uniform/n100_p90_s2,submitted
exact_uniform_noise90,exact_uniform,100,90,3,5642316,/scratch/marzii/imitation_runs/noise_variants/demos/exact_uniform/n100_p90_s3,submitted
exact_uniform_noise90,exact_uniform,100,90,4,5642317,/scratch/marzii/imitation_runs/noise_variants/demos/exact_uniform/n100_p90_s4,submitted
exact_uniform_noise90,exact_uniform,100,90,5,5642318,/scratch/marzii/imitation_runs/noise_variants/demos/exact_uniform/n100_p90_s5,submitted
exact_uniform_noise90,exact_uniform,100,90,6,5642319,/scratch/marzii/imitation_runs/noise_variants/demos/exact_uniform/n100_p90_s6,submitted
exact_uniform_noise90,exact_uniform,100,90,7,5642320,/scratch/marzii/imitation_runs/noise_variants/demos/exact_uniform/n100_p90_s7,submitted
exact_uniform_noise90,exact_uniform,100,90,8,5642321,/scratch/marzii/imitation_runs/noise_variants/demos/exact_uniform/n100_p90_s8,submitted
exact_uniform_noise90,exact_uniform,100,90,9,5642322,/scratch/marzii/imitation_runs/noise_variants/demos/exact_uniform/n100_p90_s9,submitted
exact_uniform_noise90,exact_uniform,100,90,10,5642323,/scratch/marzii/imitation_runs/noise_variants/demos/exact_uniform/n100_p90_s10,submitted
exact_uniform_noise90,exact_uniform,100,90,11,5642324,/scratch/marzii/imitation_runs/noise_variants/demos/exact_uniform/n100_p90_s11,submitted
exact_uniform_noise90,exact_uniform,100,90,12,5642325,/scratch/marzii/imitation_runs/noise_variants/demos/exact_uniform/n100_p90_s12,submitted
exact_uniform_noise90,exact_uniform,100,90,13,5642326,/scratch/marzii/imitation_runs/noise_variants/demos/exact_uniform/n100_p90_s13,submitted
exact_uniform_noise90,exact_uniform,100,90,14,5642327,/scratch/marzii/imitation_runs/noise_variants/demos/exact_uniform/n100_p90_s14,submitted
exact_uniform_noise90,exact_uniform,100,90,15,5642328,/scratch/marzii/imitation_runs/noise_variants/demos/exact_uniform/n100_p90_s15,submitted
exact_uniform_noise90,exact_uniform,100,90,16,5642329,/scratch/marzii/imitation_runs/noise_variants/demos/exact_uniform/n100_p90_s16,submitted
exact_uniform_noise90,exact_uniform,100,90,17,5642330,/scratch/marzii/imitation_runs/noise_variants/demos/exact_uniform/n100_p90_s17,submitted
exact_uniform_noise90,exact_uniform,100,90,18,5642331,/scratch/marzii/imitation_runs/noise_variants/demos/exact_uniform/n100_p90_s18,submitted
exact_uniform_noise90,exact_uniform,100,90,19,5642332,/scratch/marzii/imitation_runs/noise_variants/demos/exact_uniform/n100_p90_s19,submitted
exact_uniform_noise90,exact_uniform,100,90,20,5642333,/scratch/marzii/imitation_runs/noise_variants/demos/exact_uniform/n100_p90_s20,submitted
exact_uniform_noise90,exact_uniform,100,90,21,5642334,/scratch/marzii/imitation_runs/noise_variants/demos/exact_uniform/n100_p90_s21,submitted
exact_uniform_noise90,exact_uniform,100,90,22,5642335,/scratch/marzii/imitation_runs/noise_variants/demos/exact_uniform/n100_p90_s22,submitted
exact_uniform_noise90,exact_uniform,100,90,23,5642336,/scratch/marzii/imitation_runs/noise_variants/demos/exact_uniform/n100_p90_s23,submitted
exact_uniform_noise90,exact_uniform,100,90,24,5642337,/scratch/marzii/imitation_runs/noise_variants/demos/exact_uniform/n100_p90_s24,submitted
exact_uniform_noise90,exact_uniform,100,90,25,5642338,/scratch/marzii/imitation_runs/noise_variants/demos/exact_uniform/n100_p90_s25,submitted
exact_uniform_noise90,exact_uniform,100,90,26,5642339,/scratch/marzii/imitation_runs/noise_variants/demos/exact_uniform/n100_p90_s26,submitted
exact_uniform_noise90,exact_uniform,100,90,27,5642340,/scratch/marzii/imitation_runs/noise_variants/demos/exact_uniform/n100_p90_s27,submitted
exact_uniform_noise90,exact_uniform,100,90,28,5642341,/scratch/marzii/imitation_runs/noise_variants/demos/exact_uniform/n100_p90_s28,submitted
exact_uniform_noise90,exact_uniform,100,90,29,5642342,/scratch/marzii/imitation_runs/noise_variants/demos/exact_uniform/n100_p90_s29,submitted
exact_uniform_noise100,exact_uniform,100,100,0,5642343,/scratch/marzii/imitation_runs/noise_variants/demos/exact_uniform/n100_p100_s0,submitted
exact_uniform_noise100,exact_uniform,100,100,1,5642344,/scratch/marzii/imitation_runs/noise_variants/demos/exact_uniform/n100_p100_s1,submitted
exact_uniform_noise100,exact_uniform,100,100,2,5642345,/scratch/marzii/imitation_runs/noise_variants/demos/exact_uniform/n100_p100_s2,submitted
exact_uniform_noise100,exact_uniform,100,100,3,5642346,/scratch/marzii/imitation_runs/noise_variants/demos/exact_uniform/n100_p100_s3,submitted
exact_uniform_noise100,exact_uniform,100,100,4,5642347,/scratch/marzii/imitation_runs/noise_variants/demos/exact_uniform/n100_p100_s4,submitted
exact_uniform_noise100,exact_uniform,100,100,5,5642348,/scratch/marzii/imitation_runs/noise_variants/demos/exact_uniform/n100_p100_s5,submitted
exact_uniform_noise100,exact_uniform,100,100,6,5642349,/scratch/marzii/imitation_runs/noise_variants/demos/exact_uniform/n100_p100_s6,submitted
exact_uniform_noise100,exact_uniform,100,100,7,5642350,/scratch/marzii/imitation_runs/noise_variants/demos/exact_uniform/n100_p100_s7,submitted
exact_uniform_noise100,exact_uniform,100,100,8,5642351,/scratch/marzii/imitation_runs/noise_variants/demos/exact_uniform/n100_p100_s8,submitted
exact_uniform_noise100,exact_uniform,100,100,9,5642352,/scratch/marzii/imitation_runs/noise_variants/demos/exact_uniform/n100_p100_s9,submitted
exact_uniform_noise100,exact_uniform,100,100,10,5642353,/scratch/marzii/imitation_runs/noise_variants/demos/exact_uniform/n100_p100_s10,submitted
exact_uniform_noise100,exact_uniform,100,100,11,5642354,/scratch/marzii/imitation_runs/noise_variants/demos/exact_uniform/n100_p100_s11,submitted
exact_uniform_noise100,exact_uniform,100,100,12,5642355,/scratch/marzii/imitation_runs/noise_variants/demos/exact_uniform/n100_p100_s12,submitted
exact_uniform_noise100,exact_uniform,100,100,13,5642356,/scratch/marzii/imitation_runs/noise_variants/demos/exact_uniform/n100_p100_s13,submitted
exact_uniform_noise100,exact_uniform,100,100,14,5642357,/scratch/marzii/imitation_runs/noise_variants/demos/exact_uniform/n100_p100_s14,submitted
exact_uniform_noise100,exact_uniform,100,100,15,5642358,/scratch/marzii/imitation_runs/noise_variants/demos/exact_uniform/n100_p100_s15,submitted
exact_uniform_noise100,exact_uniform,100,100,16,5642359,/scratch/marzii/imitation_runs/noise_variants/demos/exact_uniform/n100_p100_s16,submitted
exact_uniform_noise100,exact_uniform,100,100,17,5642360,/scratch/marzii/imitation_runs/noise_variants/demos/exact_uniform/n100_p100_s17,submitted
exact_uniform_noise100,exact_uniform,100,100,18,5642361,/scratch/marzii/imitation_runs/noise_variants/demos/exact_uniform/n100_p100_s18,submitted
exact_uniform_noise100,exact_uniform,100,100,19,5642362,/scratch/marzii/imitation_runs/noise_variants/demos/exact_uniform/n100_p100_s19,submitted
exact_uniform_noise100,exact_uniform,100,100,20,5642363,/scratch/marzii/imitation_runs/noise_variants/demos/exact_uniform/n100_p100_s20,submitted
exact_uniform_noise100,exact_uniform,100,100,21,5642364,/scratch/marzii/imitation_runs/noise_variants/demos/exact_uniform/n100_p100_s21,submitted
exact_uniform_noise100,exact_uniform,100,100,22,5642365,/scratch/marzii/imitation_runs/noise_variants/demos/exact_uniform/n100_p100_s22,submitted
exact_uniform_noise100,exact_uniform,100,100,23,5642366,/scratch/marzii/imitation_runs/noise_variants/demos/exact_uniform/n100_p100_s23,submitted
exact_uniform_noise100,exact_uniform,100,100,24,5642367,/scratch/marzii/imitation_runs/noise_variants/demos/exact_uniform/n100_p100_s24,submitted
exact_uniform_noise100,exact_uniform,100,100,25,5642368,/scratch/marzii/imitation_runs/noise_variants/demos/exact_uniform/n100_p100_s25,submitted
exact_uniform_noise100,exact_uniform,100,100,26,5642369,/scratch/marzii/imitation_runs/noise_variants/demos/exact_uniform/n100_p100_s26,submitted
exact_uniform_noise100,exact_uniform,100,100,27,5642370,/scratch/marzii/imitation_runs/noise_variants/demos/exact_uniform/n100_p100_s27,submitted
exact_uniform_noise100,exact_uniform,100,100,28,5642371,/scratch/marzii/imitation_runs/noise_variants/demos/exact_uniform/n100_p100_s28,submitted
exact_uniform_noise100,exact_uniform,100,100,29,5642372,/scratch/marzii/imitation_runs/noise_variants/demos/exact_uniform/n100_p100_s29,submitted
coin_exclude_noise10,coin_exclude,100,10,0,5643780,/scratch/marzii/imitation_runs/noise_variants/demos/coin_exclude/n100_p10_s0,submitted
coin_exclude_noise10,coin_exclude,100,10,1,5643781,/scratch/marzii/imitation_runs/noise_variants/demos/coin_exclude/n100_p10_s1,submitted
coin_exclude_noise10,coin_exclude,100,10,2,5643782,/scratch/marzii/imitation_runs/noise_variants/demos/coin_exclude/n100_p10_s2,submitted
coin_exclude_noise10,coin_exclude,100,10,3,5643783,/scratch/marzii/imitation_runs/noise_variants/demos/coin_exclude/n100_p10_s3,submitted
coin_exclude_noise10,coin_exclude,100,10,4,5643784,/scratch/marzii/imitation_runs/noise_variants/demos/coin_exclude/n100_p10_s4,submitted
coin_exclude_noise10,coin_exclude,100,10,5,5643785,/scratch/marzii/imitation_runs/noise_variants/demos/coin_exclude/n100_p10_s5,submitted
coin_exclude_noise10,coin_exclude,100,10,6,5643786,/scratch/marzii/imitation_runs/noise_variants/demos/coin_exclude/n100_p10_s6,submitted
coin_exclude_noise10,coin_exclude,100,10,7,5643787,/scratch/marzii/imitation_runs/noise_variants/demos/coin_exclude/n100_p10_s7,submitted
coin_exclude_noise10,coin_exclude,100,10,8,5643788,/scratch/marzii/imitation_runs/noise_variants/demos/coin_exclude/n100_p10_s8,submitted
coin_exclude_noise10,coin_exclude,100,10,9,5643789,/scratch/marzii/imitation_runs/noise_variants/demos/coin_exclude/n100_p10_s9,submitted
coin_exclude_noise10,coin_exclude,100,10,10,5643790,/scratch/marzii/imitation_runs/noise_variants/demos/coin_exclude/n100_p10_s10,submitted
coin_exclude_noise10,coin_exclude,100,10,11,5643791,/scratch/marzii/imitation_runs/noise_variants/demos/coin_exclude/n100_p10_s11,submitted
coin_exclude_noise10,coin_exclude,100,10,12,5643792,/scratch/marzii/imitation_runs/noise_variants/demos/coin_exclude/n100_p10_s12,submitted
coin_exclude_noise10,coin_exclude,100,10,13,5643793,/scratch/marzii/imitation_runs/noise_variants/demos/coin_exclude/n100_p10_s13,submitted
coin_exclude_noise10,coin_exclude,100,10,14,5643794,/scratch/marzii/imitation_runs/noise_variants/demos/coin_exclude/n100_p10_s14,submitted
coin_exclude_noise10,coin_exclude,100,10,15,5643795,/scratch/marzii/imitation_runs/noise_variants/demos/coin_exclude/n100_p10_s15,submitted
coin_exclude_noise10,coin_exclude,100,10,16,5643796,/scratch/marzii/imitation_runs/noise_variants/demos/coin_exclude/n100_p10_s16,submitted
coin_exclude_noise10,coin_exclude,100,10,17,5643797,/scratch/marzii/imitation_runs/noise_variants/demos/coin_exclude/n100_p10_s17,submitted
coin_exclude_noise10,coin_exclude,100,10,18,5643798,/scratch/marzii/imitation_runs/noise_variants/demos/coin_exclude/n100_p10_s18,submitted
coin_exclude_noise10,coin_exclude,100,10,19,5643799,/scratch/marzii/imitation_runs/noise_variants/demos/coin_exclude/n100_p10_s19,submitted
coin_exclude_noise10,coin_exclude,100,10,20,5643800,/scratch/marzii/imitation_runs/noise_variants/demos/coin_exclude/n100_p10_s20,submitted
coin_exclude_noise10,coin_exclude,100,10,21,5643801,/scratch/marzii/imitation_runs/noise_variants/demos/coin_exclude/n100_p10_s21,submitted
coin_exclude_noise10,coin_exclude,100,10,22,5643802,/scratch/marzii/imitation_runs/noise_variants/demos/coin_exclude/n100_p10_s22,submitted
coin_exclude_noise10,coin_exclude,100,10,23,5643803,/scratch/marzii/imitation_runs/noise_variants/demos/coin_exclude/n100_p10_s23,submitted
coin_exclude_noise10,coin_exclude,100,10,24,5643804,/scratch/marzii/imitation_runs/noise_variants/demos/coin_exclude/n100_p10_s24,submitted
coin_exclude_noise10,coin_exclude,100,10,25,5643805,/scratch/marzii/imitation_runs/noise_variants/demos/coin_exclude/n100_p10_s25,submitted
coin_exclude_noise10,coin_exclude,100,10,26,5643806,/scratch/marzii/imitation_runs/noise_variants/demos/coin_exclude/n100_p10_s26,submitted
coin_exclude_noise10,coin_exclude,100,10,27,5643807,/scratch/marzii/imitation_runs/noise_variants/demos/coin_exclude/n100_p10_s27,submitted
coin_exclude_noise10,coin_exclude,100,10,28,5643808,/scratch/marzii/imitation_runs/noise_variants/demos/coin_exclude/n100_p10_s28,submitted
coin_exclude_noise10,coin_exclude,100,10,29,5643809,/scratch/marzii/imitation_runs/noise_variants/demos/coin_exclude/n100_p10_s29,submitted
coin_exclude_noise20,coin_exclude,100,20,0,5643810,/scratch/marzii/imitation_runs/noise_variants/demos/coin_exclude/n100_p20_s0,submitted
coin_exclude_noise20,coin_exclude,100,20,1,5643811,/scratch/marzii/imitation_runs/noise_variants/demos/coin_exclude/n100_p20_s1,submitted
coin_exclude_noise20,coin_exclude,100,20,2,5643812,/scratch/marzii/imitation_runs/noise_variants/demos/coin_exclude/n100_p20_s2,submitted
coin_exclude_noise20,coin_exclude,100,20,3,5643813,/scratch/marzii/imitation_runs/noise_variants/demos/coin_exclude/n100_p20_s3,submitted
coin_exclude_noise20,coin_exclude,100,20,4,5643814,/scratch/marzii/imitation_runs/noise_variants/demos/coin_exclude/n100_p20_s4,submitted
coin_exclude_noise20,coin_exclude,100,20,5,5643815,/scratch/marzii/imitation_runs/noise_variants/demos/coin_exclude/n100_p20_s5,submitted
coin_exclude_noise20,coin_exclude,100,20,6,5643816,/scratch/marzii/imitation_runs/noise_variants/demos/coin_exclude/n100_p20_s6,submitted
coin_exclude_noise20,coin_exclude,100,20,7,5643817,/scratch/marzii/imitation_runs/noise_variants/demos/coin_exclude/n100_p20_s7,submitted
coin_exclude_noise20,coin_exclude,100,20,8,5643818,/scratch/marzii/imitation_runs/noise_variants/demos/coin_exclude/n100_p20_s8,submitted
coin_exclude_noise20,coin_exclude,100,20,9,5643819,/scratch/marzii/imitation_runs/noise_variants/demos/coin_exclude/n100_p20_s9,submitted
coin_exclude_noise20,coin_exclude,100,20,10,5643820,/scratch/marzii/imitation_runs/noise_variants/demos/coin_exclude/n100_p20_s10,submitted
coin_exclude_noise20,coin_exclude,100,20,11,5643821,/scratch/marzii/imitation_runs/noise_variants/demos/coin_exclude/n100_p20_s11,submitted
coin_exclude_noise20,coin_exclude,100,20,12,5643822,/scratch/marzii/imitation_runs/noise_variants/demos/coin_exclude/n100_p20_s12,submitted
coin_exclude_noise20,coin_exclude,100,20,13,5643823,/scratch/marzii/imitation_runs/noise_variants/demos/coin_exclude/n100_p20_s13,submitted
coin_exclude_noise20,coin_exclude,100,20,14,5643824,/scratch/marzii/imitation_runs/noise_variants/demos/coin_exclude/n100_p20_s14,submitted
coin_exclude_noise20,coin_exclude,100,20,15,5643825,/scratch/marzii/imitation_runs/noise_variants/demos/coin_exclude/n100_p20_s15,submitted
coin_exclude_noise20,coin_exclude,100,20,16,5643826,/scratch/marzii/imitation_runs/noise_variants/demos/coin_exclude/n100_p20_s16,submitted
coin_exclude_noise20,coin_exclude,100,20,17,5643827,/scratch/marzii/imitation_runs/noise_variants/demos/coin_exclude/n100_p20_s17,submitted
coin_exclude_noise20,coin_exclude,100,20,18,5643828,/scratch/marzii/imitation_runs/noise_variants/demos/coin_exclude/n100_p20_s18,submitted
coin_exclude_noise20,coin_exclude,100,20,19,5643829,/scratch/marzii/imitation_runs/noise_variants/demos/coin_exclude/n100_p20_s19,submitted
coin_exclude_noise20,coin_exclude,100,20,20,5643830,/scratch/marzii/imitation_runs/noise_variants/demos/coin_exclude/n100_p20_s20,submitted
coin_exclude_noise20,coin_exclude,100,20,21,5643831,/scratch/marzii/imitation_runs/noise_variants/demos/coin_exclude/n100_p20_s21,submitted
coin_exclude_noise20,coin_exclude,100,20,22,5643832,/scratch/marzii/imitation_runs/noise_variants/demos/coin_exclude/n100_p20_s22,submitted
coin_exclude_noise20,coin_exclude,100,20,23,5643833,/scratch/marzii/imitation_runs/noise_variants/demos/coin_exclude/n100_p20_s23,submitted
coin_exclude_noise20,coin_exclude,100,20,24,5643834,/scratch/marzii/imitation_runs/noise_variants/demos/coin_exclude/n100_p20_s24,submitted
coin_exclude_noise20,coin_exclude,100,20,25,5643835,/scratch/marzii/imitation_runs/noise_variants/demos/coin_exclude/n100_p20_s25,submitted
coin_exclude_noise20,coin_exclude,100,20,26,5643836,/scratch/marzii/imitation_runs/noise_variants/demos/coin_exclude/n100_p20_s26,submitted
coin_exclude_noise20,coin_exclude,100,20,27,5643837,/scratch/marzii/imitation_runs/noise_variants/demos/coin_exclude/n100_p20_s27,submitted
coin_exclude_noise20,coin_exclude,100,20,28,5643838,/scratch/marzii/imitation_runs/noise_variants/demos/coin_exclude/n100_p20_s28,submitted
coin_exclude_noise20,coin_exclude,100,20,29,5643839,/scratch/marzii/imitation_runs/noise_variants/demos/coin_exclude/n100_p20_s29,submitted
coin_exclude_noise30,coin_exclude,100,30,0,5643840,/scratch/marzii/imitation_runs/noise_variants/demos/coin_exclude/n100_p30_s0,submitted
coin_exclude_noise30,coin_exclude,100,30,1,5643841,/scratch/marzii/imitation_runs/noise_variants/demos/coin_exclude/n100_p30_s1,submitted
coin_exclude_noise30,coin_exclude,100,30,2,5643842,/scratch/marzii/imitation_runs/noise_variants/demos/coin_exclude/n100_p30_s2,submitted
coin_exclude_noise30,coin_exclude,100,30,3,5643843,/scratch/marzii/imitation_runs/noise_variants/demos/coin_exclude/n100_p30_s3,submitted
coin_exclude_noise30,coin_exclude,100,30,4,5643844,/scratch/marzii/imitation_runs/noise_variants/demos/coin_exclude/n100_p30_s4,submitted
coin_exclude_noise30,coin_exclude,100,30,5,5643845,/scratch/marzii/imitation_runs/noise_variants/demos/coin_exclude/n100_p30_s5,submitted
coin_exclude_noise30,coin_exclude,100,30,6,5643846,/scratch/marzii/imitation_runs/noise_variants/demos/coin_exclude/n100_p30_s6,submitted
coin_exclude_noise30,coin_exclude,100,30,7,5643847,/scratch/marzii/imitation_runs/noise_variants/demos/coin_exclude/n100_p30_s7,submitted
coin_exclude_noise30,coin_exclude,100,30,8,5643848,/scratch/marzii/imitation_runs/noise_variants/demos/coin_exclude/n100_p30_s8,submitted
coin_exclude_noise30,coin_exclude,100,30,9,5643849,/scratch/marzii/imitation_runs/noise_variants/demos/coin_exclude/n100_p30_s9,submitted
coin_exclude_noise30,coin_exclude,100,30,10,5643850,/scratch/marzii/imitation_runs/noise_variants/demos/coin_exclude/n100_p30_s10,submitted
coin_exclude_noise30,coin_exclude,100,30,11,5643851,/scratch/marzii/imitation_runs/noise_variants/demos/coin_exclude/n100_p30_s11,submitted
coin_exclude_noise30,coin_exclude,100,30,12,5643852,/scratch/marzii/imitation_runs/noise_variants/demos/coin_exclude/n100_p30_s12,submitted
coin_exclude_noise30,coin_exclude,100,30,13,5643853,/scratch/marzii/imitation_runs/noise_variants/demos/coin_exclude/n100_p30_s13,submitted
coin_exclude_noise30,coin_exclude,100,30,14,5643854,/scratch/marzii/imitation_runs/noise_variants/demos/coin_exclude/n100_p30_s14,submitted
coin_exclude_noise30,coin_exclude,100,30,15,5643855,/scratch/marzii/imitation_runs/noise_variants/demos/coin_exclude/n100_p30_s15,submitted
coin_exclude_noise30,coin_exclude,100,30,16,5643856,/scratch/marzii/imitation_runs/noise_variants/demos/coin_exclude/n100_p30_s16,submitted
coin_exclude_noise30,coin_exclude,100,30,17,5643857,/scratch/marzii/imitation_runs/noise_variants/demos/coin_exclude/n100_p30_s17,submitted
coin_exclude_noise30,coin_exclude,100,30,18,5643858,/scratch/marzii/imitation_runs/noise_variants/demos/coin_exclude/n100_p30_s18,submitted
coin_exclude_noise30,coin_exclude,100,30,19,5643859,/scratch/marzii/imitation_runs/noise_variants/demos/coin_exclude/n100_p30_s19,submitted
coin_exclude_noise30,coin_exclude,100,30,20,5643860,/scratch/marzii/imitation_runs/noise_variants/demos/coin_exclude/n100_p30_s20,submitted
coin_exclude_noise30,coin_exclude,100,30,21,5643861,/scratch/marzii/imitation_runs/noise_variants/demos/coin_exclude/n100_p30_s21,submitted
coin_exclude_noise30,coin_exclude,100,30,22,5643862,/scratch/marzii/imitation_runs/noise_variants/demos/coin_exclude/n100_p30_s22,submitted
coin_exclude_noise30,coin_exclude,100,30,23,5643863,/scratch/marzii/imitation_runs/noise_variants/demos/coin_exclude/n100_p30_s23,submitted
coin_exclude_noise30,coin_exclude,100,30,24,5643864,/scratch/marzii/imitation_runs/noise_variants/demos/coin_exclude/n100_p30_s24,submitted
coin_exclude_noise30,coin_exclude,100,30,25,5643865,/scratch/marzii/imitation_runs/noise_variants/demos/coin_exclude/n100_p30_s25,submitted
coin_exclude_noise30,coin_exclude,100,30,26,5643866,/scratch/marzii/imitation_runs/noise_variants/demos/coin_exclude/n100_p30_s26,submitted
coin_exclude_noise30,coin_exclude,100,30,27,5643867,/scratch/marzii/imitation_runs/noise_variants/demos/coin_exclude/n100_p30_s27,submitted
coin_exclude_noise30,coin_exclude,100,30,28,5643868,/scratch/marzii/imitation_runs/noise_variants/demos/coin_exclude/n100_p30_s28,submitted
coin_exclude_noise30,coin_exclude,100,30,29,5643869,/scratch/marzii/imitation_runs/noise_variants/demos/coin_exclude/n100_p30_s29,submitted
coin_exclude_noise40,coin_exclude,100,40,0,5643870,/scratch/marzii/imitation_runs/noise_variants/demos/coin_exclude/n100_p40_s0,submitted
coin_exclude_noise40,coin_exclude,100,40,1,5643871,/scratch/marzii/imitation_runs/noise_variants/demos/coin_exclude/n100_p40_s1,submitted
coin_exclude_noise40,coin_exclude,100,40,2,5643872,/scratch/marzii/imitation_runs/noise_variants/demos/coin_exclude/n100_p40_s2,submitted
coin_exclude_noise40,coin_exclude,100,40,3,5643873,/scratch/marzii/imitation_runs/noise_variants/demos/coin_exclude/n100_p40_s3,submitted
coin_exclude_noise40,coin_exclude,100,40,4,5643874,/scratch/marzii/imitation_runs/noise_variants/demos/coin_exclude/n100_p40_s4,submitted
coin_exclude_noise40,coin_exclude,100,40,5,5643875,/scratch/marzii/imitation_runs/noise_variants/demos/coin_exclude/n100_p40_s5,submitted
coin_exclude_noise40,coin_exclude,100,40,6,5643876,/scratch/marzii/imitation_runs/noise_variants/demos/coin_exclude/n100_p40_s6,submitted
coin_exclude_noise40,coin_exclude,100,40,7,5643877,/scratch/marzii/imitation_runs/noise_variants/demos/coin_exclude/n100_p40_s7,submitted
coin_exclude_noise40,coin_exclude,100,40,8,5643878,/scratch/marzii/imitation_runs/noise_variants/demos/coin_exclude/n100_p40_s8,submitted
coin_exclude_noise40,coin_exclude,100,40,9,5643879,/scratch/marzii/imitation_runs/noise_variants/demos/coin_exclude/n100_p40_s9,submitted
coin_exclude_noise40,coin_exclude,100,40,10,5643880,/scratch/marzii/imitation_runs/noise_variants/demos/coin_exclude/n100_p40_s10,submitted
coin_exclude_noise40,coin_exclude,100,40,11,5643881,/scratch/marzii/imitation_runs/noise_variants/demos/coin_exclude/n100_p40_s11,submitted
coin_exclude_noise40,coin_exclude,100,40,12,5643882,/scratch/marzii/imitation_runs/noise_variants/demos/coin_exclude/n100_p40_s12,submitted
coin_exclude_noise40,coin_exclude,100,40,13,5643883,/scratch/marzii/imitation_runs/noise_variants/demos/coin_exclude/n100_p40_s13,submitted
coin_exclude_noise40,coin_exclude,100,40,14,5643884,/scratch/marzii/imitation_runs/noise_variants/demos/coin_exclude/n100_p40_s14,submitted
coin_exclude_noise40,coin_exclude,100,40,15,5643885,/scratch/marzii/imitation_runs/noise_variants/demos/coin_exclude/n100_p40_s15,submitted
coin_exclude_noise40,coin_exclude,100,40,16,5643886,/scratch/marzii/imitation_runs/noise_variants/demos/coin_exclude/n100_p40_s16,submitted
coin_exclude_noise40,coin_exclude,100,40,17,5643887,/scratch/marzii/imitation_runs/noise_variants/demos/coin_exclude/n100_p40_s17,submitted
coin_exclude_noise40,coin_exclude,100,40,18,5643888,/scratch/marzii/imitation_runs/noise_variants/demos/coin_exclude/n100_p40_s18,submitted
coin_exclude_noise40,coin_exclude,100,40,19,5643889,/scratch/marzii/imitation_runs/noise_variants/demos/coin_exclude/n100_p40_s19,submitted
coin_exclude_noise40,coin_exclude,100,40,20,5643890,/scratch/marzii/imitation_runs/noise_variants/demos/coin_exclude/n100_p40_s20,submitted
coin_exclude_noise40,coin_exclude,100,40,21,5643891,/scratch/marzii/imitation_runs/noise_variants/demos/coin_exclude/n100_p40_s21,submitted
coin_exclude_noise40,coin_exclude,100,40,22,5643892,/scratch/marzii/imitation_runs/noise_variants/demos/coin_exclude/n100_p40_s22,submitted
coin_exclude_noise40,coin_exclude,100,40,23,5643893,/scratch/marzii/imitation_runs/noise_variants/demos/coin_exclude/n100_p40_s23,submitted
coin_exclude_noise40,coin_exclude,100,40,24,5643894,/scratch/marzii/imitation_runs/noise_variants/demos/coin_exclude/n100_p40_s24,submitted
coin_exclude_noise40,coin_exclude,100,40,25,5643895,/scratch/marzii/imitation_runs/noise_variants/demos/coin_exclude/n100_p40_s25,submitted
coin_exclude_noise40,coin_exclude,100,40,26,5643896,/scratch/marzii/imitation_runs/noise_variants/demos/coin_exclude/n100_p40_s26,submitted
coin_exclude_noise40,coin_exclude,100,40,27,5643897,/scratch/marzii/imitation_runs/noise_variants/demos/coin_exclude/n100_p40_s27,submitted
coin_exclude_noise40,coin_exclude,100,40,28,5643898,/scratch/marzii/imitation_runs/noise_variants/demos/coin_exclude/n100_p40_s28,submitted
coin_exclude_noise40,coin_exclude,100,40,29,5643899,/scratch/marzii/imitation_runs/noise_variants/demos/coin_exclude/n100_p40_s29,submitted
coin_exclude_noise50,coin_exclude,100,50,0,5643900,/scratch/marzii/imitation_runs/noise_variants/demos/coin_exclude/n100_p50_s0,submitted
coin_exclude_noise50,coin_exclude,100,50,1,5643901,/scratch/marzii/imitation_runs/noise_variants/demos/coin_exclude/n100_p50_s1,submitted
coin_exclude_noise50,coin_exclude,100,50,2,5643902,/scratch/marzii/imitation_runs/noise_variants/demos/coin_exclude/n100_p50_s2,submitted
coin_exclude_noise50,coin_exclude,100,50,3,5643903,/scratch/marzii/imitation_runs/noise_variants/demos/coin_exclude/n100_p50_s3,submitted
coin_exclude_noise50,coin_exclude,100,50,4,5643904,/scratch/marzii/imitation_runs/noise_variants/demos/coin_exclude/n100_p50_s4,submitted
coin_exclude_noise50,coin_exclude,100,50,5,5643905,/scratch/marzii/imitation_runs/noise_variants/demos/coin_exclude/n100_p50_s5,submitted
coin_exclude_noise50,coin_exclude,100,50,6,5643906,/scratch/marzii/imitation_runs/noise_variants/demos/coin_exclude/n100_p50_s6,submitted
coin_exclude_noise50,coin_exclude,100,50,7,5643907,/scratch/marzii/imitation_runs/noise_variants/demos/coin_exclude/n100_p50_s7,submitted
coin_exclude_noise50,coin_exclude,100,50,8,5643908,/scratch/marzii/imitation_runs/noise_variants/demos/coin_exclude/n100_p50_s8,submitted
coin_exclude_noise50,coin_exclude,100,50,9,5643909,/scratch/marzii/imitation_runs/noise_variants/demos/coin_exclude/n100_p50_s9,submitted
coin_exclude_noise50,coin_exclude,100,50,10,5643910,/scratch/marzii/imitation_runs/noise_variants/demos/coin_exclude/n100_p50_s10,submitted
coin_exclude_noise50,coin_exclude,100,50,11,5643911,/scratch/marzii/imitation_runs/noise_variants/demos/coin_exclude/n100_p50_s11,submitted
coin_exclude_noise50,coin_exclude,100,50,12,5643912,/scratch/marzii/imitation_runs/noise_variants/demos/coin_exclude/n100_p50_s12,submitted
coin_exclude_noise50,coin_exclude,100,50,13,5643913,/scratch/marzii/imitation_runs/noise_variants/demos/coin_exclude/n100_p50_s13,submitted
coin_exclude_noise50,coin_exclude,100,50,14,5643914,/scratch/marzii/imitation_runs/noise_variants/demos/coin_exclude/n100_p50_s14,submitted
coin_exclude_noise50,coin_exclude,100,50,15,5643915,/scratch/marzii/imitation_runs/noise_variants/demos/coin_exclude/n100_p50_s15,submitted
coin_exclude_noise50,coin_exclude,100,50,16,5643916,/scratch/marzii/imitation_runs/noise_variants/demos/coin_exclude/n100_p50_s16,submitted
coin_exclude_noise50,coin_exclude,100,50,17,5643917,/scratch/marzii/imitation_runs/noise_variants/demos/coin_exclude/n100_p50_s17,submitted
coin_exclude_noise50,coin_exclude,100,50,18,5643918,/scratch/marzii/imitation_runs/noise_variants/demos/coin_exclude/n100_p50_s18,submitted
coin_exclude_noise50,coin_exclude,100,50,19,5643919,/scratch/marzii/imitation_runs/noise_variants/demos/coin_exclude/n100_p50_s19,submitted
coin_exclude_noise50,coin_exclude,100,50,20,5643920,/scratch/marzii/imitation_runs/noise_variants/demos/coin_exclude/n100_p50_s20,submitted
coin_exclude_noise50,coin_exclude,100,50,21,5643921,/scratch/marzii/imitation_runs/noise_variants/demos/coin_exclude/n100_p50_s21,submitted
coin_exclude_noise50,coin_exclude,100,50,22,5643922,/scratch/marzii/imitation_runs/noise_variants/demos/coin_exclude/n100_p50_s22,submitted
coin_exclude_noise50,coin_exclude,100,50,23,5643923,/scratch/marzii/imitation_runs/noise_variants/demos/coin_exclude/n100_p50_s23,submitted
coin_exclude_noise50,coin_exclude,100,50,24,5643924,/scratch/marzii/imitation_runs/noise_variants/demos/coin_exclude/n100_p50_s24,submitted
coin_exclude_noise50,coin_exclude,100,50,25,5643925,/scratch/marzii/imitation_runs/noise_variants/demos/coin_exclude/n100_p50_s25,submitted
coin_exclude_noise50,coin_exclude,100,50,26,5643926,/scratch/marzii/imitation_runs/noise_variants/demos/coin_exclude/n100_p50_s26,submitted
coin_exclude_noise50,coin_exclude,100,50,27,5643927,/scratch/marzii/imitation_runs/noise_variants/demos/coin_exclude/n100_p50_s27,submitted
coin_exclude_noise50,coin_exclude,100,50,28,5643928,/scratch/marzii/imitation_runs/noise_variants/demos/coin_exclude/n100_p50_s28,submitted
coin_exclude_noise50,coin_exclude,100,50,29,5643929,/scratch/marzii/imitation_runs/noise_variants/demos/coin_exclude/n100_p50_s29,submitted
coin_exclude_noise60,coin_exclude,100,60,0,5643930,/scratch/marzii/imitation_runs/noise_variants/demos/coin_exclude/n100_p60_s0,submitted
coin_exclude_noise60,coin_exclude,100,60,1,5643931,/scratch/marzii/imitation_runs/noise_variants/demos/coin_exclude/n100_p60_s1,submitted
coin_exclude_noise60,coin_exclude,100,60,2,5643932,/scratch/marzii/imitation_runs/noise_variants/demos/coin_exclude/n100_p60_s2,submitted
coin_exclude_noise60,coin_exclude,100,60,3,5643933,/scratch/marzii/imitation_runs/noise_variants/demos/coin_exclude/n100_p60_s3,submitted
coin_exclude_noise60,coin_exclude,100,60,4,5643934,/scratch/marzii/imitation_runs/noise_variants/demos/coin_exclude/n100_p60_s4,submitted
coin_exclude_noise60,coin_exclude,100,60,5,5643935,/scratch/marzii/imitation_runs/noise_variants/demos/coin_exclude/n100_p60_s5,submitted
coin_exclude_noise60,coin_exclude,100,60,6,5643936,/scratch/marzii/imitation_runs/noise_variants/demos/coin_exclude/n100_p60_s6,submitted
coin_exclude_noise60,coin_exclude,100,60,7,5643937,/scratch/marzii/imitation_runs/noise_variants/demos/coin_exclude/n100_p60_s7,submitted
coin_exclude_noise60,coin_exclude,100,60,8,5643938,/scratch/marzii/imitation_runs/noise_variants/demos/coin_exclude/n100_p60_s8,submitted
coin_exclude_noise60,coin_exclude,100,60,9,5643939,/scratch/marzii/imitation_runs/noise_variants/demos/coin_exclude/n100_p60_s9,submitted
coin_exclude_noise60,coin_exclude,100,60,10,5643940,/scratch/marzii/imitation_runs/noise_variants/demos/coin_exclude/n100_p60_s10,submitted
coin_exclude_noise60,coin_exclude,100,60,11,5643941,/scratch/marzii/imitation_runs/noise_variants/demos/coin_exclude/n100_p60_s11,submitted
coin_exclude_noise60,coin_exclude,100,60,12,5643942,/scratch/marzii/imitation_runs/noise_variants/demos/coin_exclude/n100_p60_s12,submitted
coin_exclude_noise60,coin_exclude,100,60,13,5643943,/scratch/marzii/imitation_runs/noise_variants/demos/coin_exclude/n100_p60_s13,submitted
coin_exclude_noise60,coin_exclude,100,60,14,5643944,/scratch/marzii/imitation_runs/noise_variants/demos/coin_exclude/n100_p60_s14,submitted
coin_exclude_noise60,coin_exclude,100,60,15,5643945,/scratch/marzii/imitation_runs/noise_variants/demos/coin_exclude/n100_p60_s15,submitted
coin_exclude_noise60,coin_exclude,100,60,16,5643946,/scratch/marzii/imitation_runs/noise_variants/demos/coin_exclude/n100_p60_s16,submitted
coin_exclude_noise60,coin_exclude,100,60,17,5643947,/scratch/marzii/imitation_runs/noise_variants/demos/coin_exclude/n100_p60_s17,submitted
coin_exclude_noise60,coin_exclude,100,60,18,5643948,/scratch/marzii/imitation_runs/noise_variants/demos/coin_exclude/n100_p60_s18,submitted
coin_exclude_noise60,coin_exclude,100,60,19,5643949,/scratch/marzii/imitation_runs/noise_variants/demos/coin_exclude/n100_p60_s19,submitted
coin_exclude_noise60,coin_exclude,100,60,20,5643950,/scratch/marzii/imitation_runs/noise_variants/demos/coin_exclude/n100_p60_s20,submitted
coin_exclude_noise60,coin_exclude,100,60,21,5643951,/scratch/marzii/imitation_runs/noise_variants/demos/coin_exclude/n100_p60_s21,submitted
coin_exclude_noise60,coin_exclude,100,60,22,5643952,/scratch/marzii/imitation_runs/noise_variants/demos/coin_exclude/n100_p60_s22,submitted
coin_exclude_noise60,coin_exclude,100,60,23,5643953,/scratch/marzii/imitation_runs/noise_variants/demos/coin_exclude/n100_p60_s23,submitted
coin_exclude_noise60,coin_exclude,100,60,24,5643954,/scratch/marzii/imitation_runs/noise_variants/demos/coin_exclude/n100_p60_s24,submitted
coin_exclude_noise60,coin_exclude,100,60,25,5643955,/scratch/marzii/imitation_runs/noise_variants/demos/coin_exclude/n100_p60_s25,submitted
coin_exclude_noise60,coin_exclude,100,60,26,5643956,/scratch/marzii/imitation_runs/noise_variants/demos/coin_exclude/n100_p60_s26,submitted
coin_exclude_noise60,coin_exclude,100,60,27,5643957,/scratch/marzii/imitation_runs/noise_variants/demos/coin_exclude/n100_p60_s27,submitted
coin_exclude_noise60,coin_exclude,100,60,28,5643958,/scratch/marzii/imitation_runs/noise_variants/demos/coin_exclude/n100_p60_s28,submitted
coin_exclude_noise60,coin_exclude,100,60,29,5643959,/scratch/marzii/imitation_runs/noise_variants/demos/coin_exclude/n100_p60_s29,submitted
coin_exclude_noise70,coin_exclude,100,70,0,5643960,/scratch/marzii/imitation_runs/noise_variants/demos/coin_exclude/n100_p70_s0,submitted
coin_exclude_noise70,coin_exclude,100,70,1,5643961,/scratch/marzii/imitation_runs/noise_variants/demos/coin_exclude/n100_p70_s1,submitted
coin_exclude_noise70,coin_exclude,100,70,2,5643962,/scratch/marzii/imitation_runs/noise_variants/demos/coin_exclude/n100_p70_s2,submitted
coin_exclude_noise70,coin_exclude,100,70,3,5643963,/scratch/marzii/imitation_runs/noise_variants/demos/coin_exclude/n100_p70_s3,submitted
coin_exclude_noise70,coin_exclude,100,70,4,5643964,/scratch/marzii/imitation_runs/noise_variants/demos/coin_exclude/n100_p70_s4,submitted
coin_exclude_noise70,coin_exclude,100,70,5,5643965,/scratch/marzii/imitation_runs/noise_variants/demos/coin_exclude/n100_p70_s5,submitted
coin_exclude_noise70,coin_exclude,100,70,6,5643966,/scratch/marzii/imitation_runs/noise_variants/demos/coin_exclude/n100_p70_s6,submitted
coin_exclude_noise70,coin_exclude,100,70,7,5643967,/scratch/marzii/imitation_runs/noise_variants/demos/coin_exclude/n100_p70_s7,submitted
coin_exclude_noise70,coin_exclude,100,70,8,5643968,/scratch/marzii/imitation_runs/noise_variants/demos/coin_exclude/n100_p70_s8,submitted
coin_exclude_noise70,coin_exclude,100,70,9,5643969,/scratch/marzii/imitation_runs/noise_variants/demos/coin_exclude/n100_p70_s9,submitted
coin_exclude_noise70,coin_exclude,100,70,10,5643970,/scratch/marzii/imitation_runs/noise_variants/demos/coin_exclude/n100_p70_s10,submitted
coin_exclude_noise70,coin_exclude,100,70,11,5643971,/scratch/marzii/imitation_runs/noise_variants/demos/coin_exclude/n100_p70_s11,submitted
coin_exclude_noise70,coin_exclude,100,70,12,5643972,/scratch/marzii/imitation_runs/noise_variants/demos/coin_exclude/n100_p70_s12,submitted
coin_exclude_noise70,coin_exclude,100,70,13,5643973,/scratch/marzii/imitation_runs/noise_variants/demos/coin_exclude/n100_p70_s13,submitted
coin_exclude_noise70,coin_exclude,100,70,14,5643974,/scratch/marzii/imitation_runs/noise_variants/demos/coin_exclude/n100_p70_s14,submitted
coin_exclude_noise70,coin_exclude,100,70,15,5643975,/scratch/marzii/imitation_runs/noise_variants/demos/coin_exclude/n100_p70_s15,submitted
coin_exclude_noise70,coin_exclude,100,70,16,5643976,/scratch/marzii/imitation_runs/noise_variants/demos/coin_exclude/n100_p70_s16,submitted
coin_exclude_noise70,coin_exclude,100,70,17,5643977,/scratch/marzii/imitation_runs/noise_variants/demos/coin_exclude/n100_p70_s17,submitted
coin_exclude_noise70,coin_exclude,100,70,18,5643978,/scratch/marzii/imitation_runs/noise_variants/demos/coin_exclude/n100_p70_s18,submitted
coin_exclude_noise70,coin_exclude,100,70,19,5643979,/scratch/marzii/imitation_runs/noise_variants/demos/coin_exclude/n100_p70_s19,submitted
coin_exclude_noise70,coin_exclude,100,70,20,5643980,/scratch/marzii/imitation_runs/noise_variants/demos/coin_exclude/n100_p70_s20,submitted
coin_exclude_noise70,coin_exclude,100,70,21,5643981,/scratch/marzii/imitation_runs/noise_variants/demos/coin_exclude/n100_p70_s21,submitted
coin_exclude_noise70,coin_exclude,100,70,22,5643982,/scratch/marzii/imitation_runs/noise_variants/demos/coin_exclude/n100_p70_s22,submitted
coin_exclude_noise70,coin_exclude,100,70,23,5643983,/scratch/marzii/imitation_runs/noise_variants/demos/coin_exclude/n100_p70_s23,submitted
coin_exclude_noise70,coin_exclude,100,70,24,5643984,/scratch/marzii/imitation_runs/noise_variants/demos/coin_exclude/n100_p70_s24,submitted
coin_exclude_noise70,coin_exclude,100,70,25,5643985,/scratch/marzii/imitation_runs/noise_variants/demos/coin_exclude/n100_p70_s25,submitted
coin_exclude_noise70,coin_exclude,100,70,26,5643986,/scratch/marzii/imitation_runs/noise_variants/demos/coin_exclude/n100_p70_s26,submitted
coin_exclude_noise70,coin_exclude,100,70,27,5643987,/scratch/marzii/imitation_runs/noise_variants/demos/coin_exclude/n100_p70_s27,submitted
coin_exclude_noise70,coin_exclude,100,70,28,5643988,/scratch/marzii/imitation_runs/noise_variants/demos/coin_exclude/n100_p70_s28,submitted
coin_exclude_noise70,coin_exclude,100,70,29,5643989,/scratch/marzii/imitation_runs/noise_variants/demos/coin_exclude/n100_p70_s29,submitted
coin_exclude_noise80,coin_exclude,100,80,0,5643990,/scratch/marzii/imitation_runs/noise_variants/demos/coin_exclude/n100_p80_s0,submitted
coin_exclude_noise80,coin_exclude,100,80,1,5643991,/scratch/marzii/imitation_runs/noise_variants/demos/coin_exclude/n100_p80_s1,submitted
coin_exclude_noise80,coin_exclude,100,80,2,5643992,/scratch/marzii/imitation_runs/noise_variants/demos/coin_exclude/n100_p80_s2,submitted
coin_exclude_noise80,coin_exclude,100,80,3,5643993,/scratch/marzii/imitation_runs/noise_variants/demos/coin_exclude/n100_p80_s3,submitted
coin_exclude_noise80,coin_exclude,100,80,4,5643994,/scratch/marzii/imitation_runs/noise_variants/demos/coin_exclude/n100_p80_s4,submitted
coin_exclude_noise80,coin_exclude,100,80,5,5643995,/scratch/marzii/imitation_runs/noise_variants/demos/coin_exclude/n100_p80_s5,submitted
coin_exclude_noise80,coin_exclude,100,80,6,5643996,/scratch/marzii/imitation_runs/noise_variants/demos/coin_exclude/n100_p80_s6,submitted
coin_exclude_noise80,coin_exclude,100,80,7,5643997,/scratch/marzii/imitation_runs/noise_variants/demos/coin_exclude/n100_p80_s7,submitted
coin_exclude_noise80,coin_exclude,100,80,8,5643998,/scratch/marzii/imitation_runs/noise_variants/demos/coin_exclude/n100_p80_s8,submitted
coin_exclude_noise80,coin_exclude,100,80,9,5643999,/scratch/marzii/imitation_runs/noise_variants/demos/coin_exclude/n100_p80_s9,submitted
coin_exclude_noise80,coin_exclude,100,80,10,5644000,/scratch/marzii/imitation_runs/noise_variants/demos/coin_exclude/n100_p80_s10,submitted
coin_exclude_noise80,coin_exclude,100,80,11,5644001,/scratch/marzii/imitation_runs/noise_variants/demos/coin_exclude/n100_p80_s11,submitted
coin_exclude_noise80,coin_exclude,100,80,12,5644002,/scratch/marzii/imitation_runs/noise_variants/demos/coin_exclude/n100_p80_s12,submitted
coin_exclude_noise80,coin_exclude,100,80,13,5644003,/scratch/marzii/imitation_runs/noise_variants/demos/coin_exclude/n100_p80_s13,submitted
coin_exclude_noise80,coin_exclude,100,80,14,5644004,/scratch/marzii/imitation_runs/noise_variants/demos/coin_exclude/n100_p80_s14,submitted
coin_exclude_noise80,coin_exclude,100,80,15,5644005,/scratch/marzii/imitation_runs/noise_variants/demos/coin_exclude/n100_p80_s15,submitted
coin_exclude_noise80,coin_exclude,100,80,16,5644006,/scratch/marzii/imitation_runs/noise_variants/demos/coin_exclude/n100_p80_s16,submitted
coin_exclude_noise80,coin_exclude,100,80,17,5644007,/scratch/marzii/imitation_runs/noise_variants/demos/coin_exclude/n100_p80_s17,submitted
coin_exclude_noise80,coin_exclude,100,80,18,5644008,/scratch/marzii/imitation_runs/noise_variants/demos/coin_exclude/n100_p80_s18,submitted
coin_exclude_noise80,coin_exclude,100,80,19,5644009,/scratch/marzii/imitation_runs/noise_variants/demos/coin_exclude/n100_p80_s19,submitted
coin_exclude_noise80,coin_exclude,100,80,20,5644010,/scratch/marzii/imitation_runs/noise_variants/demos/coin_exclude/n100_p80_s20,submitted
coin_exclude_noise80,coin_exclude,100,80,21,5644011,/scratch/marzii/imitation_runs/noise_variants/demos/coin_exclude/n100_p80_s21,submitted
coin_exclude_noise80,coin_exclude,100,80,22,5644012,/scratch/marzii/imitation_runs/noise_variants/demos/coin_exclude/n100_p80_s22,submitted
coin_exclude_noise80,coin_exclude,100,80,23,5644013,/scratch/marzii/imitation_runs/noise_variants/demos/coin_exclude/n100_p80_s23,submitted
coin_exclude_noise80,coin_exclude,100,80,24,5644014,/scratch/marzii/imitation_runs/noise_variants/demos/coin_exclude/n100_p80_s24,submitted
coin_exclude_noise80,coin_exclude,100,80,25,5644015,/scratch/marzii/imitation_runs/noise_variants/demos/coin_exclude/n100_p80_s25,submitted
coin_exclude_noise80,coin_exclude,100,80,26,5644016,/scratch/marzii/imitation_runs/noise_variants/demos/coin_exclude/n100_p80_s26,submitted
coin_exclude_noise80,coin_exclude,100,80,27,5644017,/scratch/marzii/imitation_runs/noise_variants/demos/coin_exclude/n100_p80_s27,submitted
coin_exclude_noise80,coin_exclude,100,80,28,5644018,/scratch/marzii/imitation_runs/noise_variants/demos/coin_exclude/n100_p80_s28,submitted
coin_exclude_noise80,coin_exclude,100,80,29,5644019,/scratch/marzii/imitation_runs/noise_variants/demos/coin_exclude/n100_p80_s29,submitted
coin_exclude_noise90,coin_exclude,100,90,0,5644020,/scratch/marzii/imitation_runs/noise_variants/demos/coin_exclude/n100_p90_s0,submitted
coin_exclude_noise90,coin_exclude,100,90,1,5644021,/scratch/marzii/imitation_runs/noise_variants/demos/coin_exclude/n100_p90_s1,submitted
coin_exclude_noise90,coin_exclude,100,90,2,5644022,/scratch/marzii/imitation_runs/noise_variants/demos/coin_exclude/n100_p90_s2,submitted
coin_exclude_noise90,coin_exclude,100,90,3,5644023,/scratch/marzii/imitation_runs/noise_variants/demos/coin_exclude/n100_p90_s3,submitted
coin_exclude_noise90,coin_exclude,100,90,4,5644024,/scratch/marzii/imitation_runs/noise_variants/demos/coin_exclude/n100_p90_s4,submitted
coin_exclude_noise90,coin_exclude,100,90,5,5644025,/scratch/marzii/imitation_runs/noise_variants/demos/coin_exclude/n100_p90_s5,submitted
coin_exclude_noise90,coin_exclude,100,90,6,5644026,/scratch/marzii/imitation_runs/noise_variants/demos/coin_exclude/n100_p90_s6,submitted
coin_exclude_noise90,coin_exclude,100,90,7,5644027,/scratch/marzii/imitation_runs/noise_variants/demos/coin_exclude/n100_p90_s7,submitted
coin_exclude_noise90,coin_exclude,100,90,8,5644028,/scratch/marzii/imitation_runs/noise_variants/demos/coin_exclude/n100_p90_s8,submitted
coin_exclude_noise90,coin_exclude,100,90,9,5644029,/scratch/marzii/imitation_runs/noise_variants/demos/coin_exclude/n100_p90_s9,submitted
coin_exclude_noise90,coin_exclude,100,90,10,5644030,/scratch/marzii/imitation_runs/noise_variants/demos/coin_exclude/n100_p90_s10,submitted
coin_exclude_noise90,coin_exclude,100,90,11,5644031,/scratch/marzii/imitation_runs/noise_variants/demos/coin_exclude/n100_p90_s11,submitted
coin_exclude_noise90,coin_exclude,100,90,12,5644032,/scratch/marzii/imitation_runs/noise_variants/demos/coin_exclude/n100_p90_s12,submitted
coin_exclude_noise90,coin_exclude,100,90,13,5644033,/scratch/marzii/imitation_runs/noise_variants/demos/coin_exclude/n100_p90_s13,submitted
coin_exclude_noise90,coin_exclude,100,90,14,5644034,/scratch/marzii/imitation_runs/noise_variants/demos/coin_exclude/n100_p90_s14,submitted
coin_exclude_noise90,coin_exclude,100,90,15,5644035,/scratch/marzii/imitation_runs/noise_variants/demos/coin_exclude/n100_p90_s15,submitted
coin_exclude_noise90,coin_exclude,100,90,16,5644036,/scratch/marzii/imitation_runs/noise_variants/demos/coin_exclude/n100_p90_s16,submitted
coin_exclude_noise90,coin_exclude,100,90,17,5644037,/scratch/marzii/imitation_runs/noise_variants/demos/coin_exclude/n100_p90_s17,submitted
coin_exclude_noise90,coin_exclude,100,90,18,5644038,/scratch/marzii/imitation_runs/noise_variants/demos/coin_exclude/n100_p90_s18,submitted
coin_exclude_noise90,coin_exclude,100,90,19,5644039,/scratch/marzii/imitation_runs/noise_variants/demos/coin_exclude/n100_p90_s19,submitted
coin_exclude_noise90,coin_exclude,100,90,20,5644040,/scratch/marzii/imitation_runs/noise_variants/demos/coin_exclude/n100_p90_s20,submitted
coin_exclude_noise90,coin_exclude,100,90,21,5644041,/scratch/marzii/imitation_runs/noise_variants/demos/coin_exclude/n100_p90_s21,submitted
coin_exclude_noise90,coin_exclude,100,90,22,5644042,/scratch/marzii/imitation_runs/noise_variants/demos/coin_exclude/n100_p90_s22,submitted
coin_exclude_noise90,coin_exclude,100,90,23,5644043,/scratch/marzii/imitation_runs/noise_variants/demos/coin_exclude/n100_p90_s23,submitted
coin_exclude_noise90,coin_exclude,100,90,24,5644044,/scratch/marzii/imitation_runs/noise_variants/demos/coin_exclude/n100_p90_s24,submitted
coin_exclude_noise90,coin_exclude,100,90,25,5644045,/scratch/marzii/imitation_runs/noise_variants/demos/coin_exclude/n100_p90_s25,submitted
coin_exclude_noise90,coin_exclude,100,90,26,5644046,/scratch/marzii/imitation_runs/noise_variants/demos/coin_exclude/n100_p90_s26,submitted
coin_exclude_noise90,coin_exclude,100,90,27,5644047,/scratch/marzii/imitation_runs/noise_variants/demos/coin_exclude/n100_p90_s27,submitted
coin_exclude_noise90,coin_exclude,100,90,28,5644048,/scratch/marzii/imitation_runs/noise_variants/demos/coin_exclude/n100_p90_s28,submitted
coin_exclude_noise90,coin_exclude,100,90,29,5644049,/scratch/marzii/imitation_runs/noise_variants/demos/coin_exclude/n100_p90_s29,submitted
coin_exclude_noise100,coin_exclude,100,100,0,5644050,/scratch/marzii/imitation_runs/noise_variants/demos/coin_exclude/n100_p100_s0,submitted
coin_exclude_noise100,coin_exclude,100,100,1,5644051,/scratch/marzii/imitation_runs/noise_variants/demos/coin_exclude/n100_p100_s1,submitted
coin_exclude_noise100,coin_exclude,100,100,2,5644052,/scratch/marzii/imitation_runs/noise_variants/demos/coin_exclude/n100_p100_s2,submitted
coin_exclude_noise100,coin_exclude,100,100,3,5644053,/scratch/marzii/imitation_runs/noise_variants/demos/coin_exclude/n100_p100_s3,submitted
coin_exclude_noise100,coin_exclude,100,100,4,5644054,/scratch/marzii/imitation_runs/noise_variants/demos/coin_exclude/n100_p100_s4,submitted
coin_exclude_noise100,coin_exclude,100,100,5,5644055,/scratch/marzii/imitation_runs/noise_variants/demos/coin_exclude/n100_p100_s5,submitted
coin_exclude_noise100,coin_exclude,100,100,6,5644056,/scratch/marzii/imitation_runs/noise_variants/demos/coin_exclude/n100_p100_s6,submitted
coin_exclude_noise100,coin_exclude,100,100,7,5644057,/scratch/marzii/imitation_runs/noise_variants/demos/coin_exclude/n100_p100_s7,submitted
coin_exclude_noise100,coin_exclude,100,100,8,5644058,/scratch/marzii/imitation_runs/noise_variants/demos/coin_exclude/n100_p100_s8,submitted
coin_exclude_noise100,coin_exclude,100,100,9,5644059,/scratch/marzii/imitation_runs/noise_variants/demos/coin_exclude/n100_p100_s9,submitted
coin_exclude_noise100,coin_exclude,100,100,10,5644060,/scratch/marzii/imitation_runs/noise_variants/demos/coin_exclude/n100_p100_s10,submitted
coin_exclude_noise100,coin_exclude,100,100,11,5644061,/scratch/marzii/imitation_runs/noise_variants/demos/coin_exclude/n100_p100_s11,submitted
coin_exclude_noise100,coin_exclude,100,100,12,5644062,/scratch/marzii/imitation_runs/noise_variants/demos/coin_exclude/n100_p100_s12,submitted
coin_exclude_noise100,coin_exclude,100,100,13,5644063,/scratch/marzii/imitation_runs/noise_variants/demos/coin_exclude/n100_p100_s13,submitted
coin_exclude_noise100,coin_exclude,100,100,14,5644064,/scratch/marzii/imitation_runs/noise_variants/demos/coin_exclude/n100_p100_s14,submitted
coin_exclude_noise100,coin_exclude,100,100,15,5644065,/scratch/marzii/imitation_runs/noise_variants/demos/coin_exclude/n100_p100_s15,submitted
coin_exclude_noise100,coin_exclude,100,100,16,5644066,/scratch/marzii/imitation_runs/noise_variants/demos/coin_exclude/n100_p100_s16,submitted
coin_exclude_noise100,coin_exclude,100,100,17,5644067,/scratch/marzii/imitation_runs/noise_variants/demos/coin_exclude/n100_p100_s17,submitted
coin_exclude_noise100,coin_exclude,100,100,18,5644068,/scratch/marzii/imitation_runs/noise_variants/demos/coin_exclude/n100_p100_s18,submitted
coin_exclude_noise100,coin_exclude,100,100,19,5644069,/scratch/marzii/imitation_runs/noise_variants/demos/coin_exclude/n100_p100_s19,submitted
coin_exclude_noise100,coin_exclude,100,100,20,5644070,/scratch/marzii/imitation_runs/noise_variants/demos/coin_exclude/n100_p100_s20,submitted
coin_exclude_noise100,coin_exclude,100,100,21,5644071,/scratch/marzii/imitation_runs/noise_variants/demos/coin_exclude/n100_p100_s21,submitted
coin_exclude_noise100,coin_exclude,100,100,22,5644072,/scratch/marzii/imitation_runs/noise_variants/demos/coin_exclude/n100_p100_s22,submitted
coin_exclude_noise100,coin_exclude,100,100,23,5644073,/scratch/marzii/imitation_runs/noise_variants/demos/coin_exclude/n100_p100_s23,submitted
coin_exclude_noise100,coin_exclude,100,100,24,5644074,/scratch/marzii/imitation_runs/noise_variants/demos/coin_exclude/n100_p100_s24,submitted
coin_exclude_noise100,coin_exclude,100,100,25,5644075,/scratch/marzii/imitation_runs/noise_variants/demos/coin_exclude/n100_p100_s25,submitted
coin_exclude_noise100,coin_exclude,100,100,26,5644076,/scratch/marzii/imitation_runs/noise_variants/demos/coin_exclude/n100_p100_s26,submitted
coin_exclude_noise100,coin_exclude,100,100,27,5644077,/scratch/marzii/imitation_runs/noise_variants/demos/coin_exclude/n100_p100_s27,submitted
coin_exclude_noise100,coin_exclude,100,100,28,5644078,/scratch/marzii/imitation_runs/noise_variants/demos/coin_exclude/n100_p100_s28,submitted
coin_exclude_noise100,coin_exclude,100,100,29,5644079,/scratch/marzii/imitation_runs/noise_variants/demos/coin_exclude/n100_p100_s29,submitted
exact_exclude_noise10,exact_exclude,100,10,0,5645129,/scratch/marzii/imitation_runs/noise_variants/demos/exact_exclude/n100_p10_s0,submitted
exact_exclude_noise10,exact_exclude,100,10,1,5645130,/scratch/marzii/imitation_runs/noise_variants/demos/exact_exclude/n100_p10_s1,submitted
exact_exclude_noise10,exact_exclude,100,10,2,5645131,/scratch/marzii/imitation_runs/noise_variants/demos/exact_exclude/n100_p10_s2,submitted
exact_exclude_noise10,exact_exclude,100,10,3,5645132,/scratch/marzii/imitation_runs/noise_variants/demos/exact_exclude/n100_p10_s3,submitted
exact_exclude_noise10,exact_exclude,100,10,4,5645133,/scratch/marzii/imitation_runs/noise_variants/demos/exact_exclude/n100_p10_s4,submitted
exact_exclude_noise10,exact_exclude,100,10,5,5645134,/scratch/marzii/imitation_runs/noise_variants/demos/exact_exclude/n100_p10_s5,submitted
exact_exclude_noise10,exact_exclude,100,10,6,5645135,/scratch/marzii/imitation_runs/noise_variants/demos/exact_exclude/n100_p10_s6,submitted
exact_exclude_noise10,exact_exclude,100,10,7,5645136,/scratch/marzii/imitation_runs/noise_variants/demos/exact_exclude/n100_p10_s7,submitted
exact_exclude_noise10,exact_exclude,100,10,8,5645137,/scratch/marzii/imitation_runs/noise_variants/demos/exact_exclude/n100_p10_s8,submitted
exact_exclude_noise10,exact_exclude,100,10,9,5645138,/scratch/marzii/imitation_runs/noise_variants/demos/exact_exclude/n100_p10_s9,submitted
exact_exclude_noise10,exact_exclude,100,10,10,5645139,/scratch/marzii/imitation_runs/noise_variants/demos/exact_exclude/n100_p10_s10,submitted
exact_exclude_noise10,exact_exclude,100,10,11,5645140,/scratch/marzii/imitation_runs/noise_variants/demos/exact_exclude/n100_p10_s11,submitted
exact_exclude_noise10,exact_exclude,100,10,12,5645141,/scratch/marzii/imitation_runs/noise_variants/demos/exact_exclude/n100_p10_s12,submitted
exact_exclude_noise10,exact_exclude,100,10,13,5645142,/scratch/marzii/imitation_runs/noise_variants/demos/exact_exclude/n100_p10_s13,submitted
exact_exclude_noise10,exact_exclude,100,10,14,5645143,/scratch/marzii/imitation_runs/noise_variants/demos/exact_exclude/n100_p10_s14,submitted
exact_exclude_noise10,exact_exclude,100,10,15,5645144,/scratch/marzii/imitation_runs/noise_variants/demos/exact_exclude/n100_p10_s15,submitted
exact_exclude_noise10,exact_exclude,100,10,16,5645145,/scratch/marzii/imitation_runs/noise_variants/demos/exact_exclude/n100_p10_s16,submitted
exact_exclude_noise10,exact_exclude,100,10,17,5645146,/scratch/marzii/imitation_runs/noise_variants/demos/exact_exclude/n100_p10_s17,submitted
exact_exclude_noise10,exact_exclude,100,10,18,5645147,/scratch/marzii/imitation_runs/noise_variants/demos/exact_exclude/n100_p10_s18,submitted
exact_exclude_noise10,exact_exclude,100,10,19,5645148,/scratch/marzii/imitation_runs/noise_variants/demos/exact_exclude/n100_p10_s19,submitted
exact_exclude_noise10,exact_exclude,100,10,20,5645149,/scratch/marzii/imitation_runs/noise_variants/demos/exact_exclude/n100_p10_s20,submitted
exact_exclude_noise10,exact_exclude,100,10,21,5645150,/scratch/marzii/imitation_runs/noise_variants/demos/exact_exclude/n100_p10_s21,submitted
exact_exclude_noise10,exact_exclude,100,10,22,5645151,/scratch/marzii/imitation_runs/noise_variants/demos/exact_exclude/n100_p10_s22,submitted
exact_exclude_noise10,exact_exclude,100,10,23,5645152,/scratch/marzii/imitation_runs/noise_variants/demos/exact_exclude/n100_p10_s23,submitted
exact_exclude_noise10,exact_exclude,100,10,24,5645153,/scratch/marzii/imitation_runs/noise_variants/demos/exact_exclude/n100_p10_s24,submitted
exact_exclude_noise10,exact_exclude,100,10,25,5645154,/scratch/marzii/imitation_runs/noise_variants/demos/exact_exclude/n100_p10_s25,submitted
exact_exclude_noise10,exact_exclude,100,10,26,5645155,/scratch/marzii/imitation_runs/noise_variants/demos/exact_exclude/n100_p10_s26,submitted
exact_exclude_noise10,exact_exclude,100,10,27,5645156,/scratch/marzii/imitation_runs/noise_variants/demos/exact_exclude/n100_p10_s27,submitted
exact_exclude_noise10,exact_exclude,100,10,28,5645157,/scratch/marzii/imitation_runs/noise_variants/demos/exact_exclude/n100_p10_s28,submitted
exact_exclude_noise10,exact_exclude,100,10,29,5645158,/scratch/marzii/imitation_runs/noise_variants/demos/exact_exclude/n100_p10_s29,submitted
exact_exclude_noise20,exact_exclude,100,20,0,5645159,/scratch/marzii/imitation_runs/noise_variants/demos/exact_exclude/n100_p20_s0,submitted
exact_exclude_noise20,exact_exclude,100,20,1,5645160,/scratch/marzii/imitation_runs/noise_variants/demos/exact_exclude/n100_p20_s1,submitted
exact_exclude_noise20,exact_exclude,100,20,2,5645161,/scratch/marzii/imitation_runs/noise_variants/demos/exact_exclude/n100_p20_s2,submitted
exact_exclude_noise20,exact_exclude,100,20,3,5645162,/scratch/marzii/imitation_runs/noise_variants/demos/exact_exclude/n100_p20_s3,submitted
exact_exclude_noise20,exact_exclude,100,20,4,5645163,/scratch/marzii/imitation_runs/noise_variants/demos/exact_exclude/n100_p20_s4,submitted
exact_exclude_noise20,exact_exclude,100,20,5,5645164,/scratch/marzii/imitation_runs/noise_variants/demos/exact_exclude/n100_p20_s5,submitted
exact_exclude_noise20,exact_exclude,100,20,6,5645165,/scratch/marzii/imitation_runs/noise_variants/demos/exact_exclude/n100_p20_s6,submitted
exact_exclude_noise20,exact_exclude,100,20,7,5645166,/scratch/marzii/imitation_runs/noise_variants/demos/exact_exclude/n100_p20_s7,submitted
exact_exclude_noise20,exact_exclude,100,20,8,5645167,/scratch/marzii/imitation_runs/noise_variants/demos/exact_exclude/n100_p20_s8,submitted
exact_exclude_noise20,exact_exclude,100,20,9,5645168,/scratch/marzii/imitation_runs/noise_variants/demos/exact_exclude/n100_p20_s9,submitted
exact_exclude_noise20,exact_exclude,100,20,10,5645169,/scratch/marzii/imitation_runs/noise_variants/demos/exact_exclude/n100_p20_s10,submitted
exact_exclude_noise20,exact_exclude,100,20,11,5645170,/scratch/marzii/imitation_runs/noise_variants/demos/exact_exclude/n100_p20_s11,submitted
exact_exclude_noise20,exact_exclude,100,20,12,5645171,/scratch/marzii/imitation_runs/noise_variants/demos/exact_exclude/n100_p20_s12,submitted
exact_exclude_noise20,exact_exclude,100,20,13,5645172,/scratch/marzii/imitation_runs/noise_variants/demos/exact_exclude/n100_p20_s13,submitted
exact_exclude_noise20,exact_exclude,100,20,14,5645173,/scratch/marzii/imitation_runs/noise_variants/demos/exact_exclude/n100_p20_s14,submitted
exact_exclude_noise20,exact_exclude,100,20,15,5645174,/scratch/marzii/imitation_runs/noise_variants/demos/exact_exclude/n100_p20_s15,submitted
exact_exclude_noise20,exact_exclude,100,20,16,5645175,/scratch/marzii/imitation_runs/noise_variants/demos/exact_exclude/n100_p20_s16,submitted
exact_exclude_noise20,exact_exclude,100,20,17,5645176,/scratch/marzii/imitation_runs/noise_variants/demos/exact_exclude/n100_p20_s17,submitted
exact_exclude_noise20,exact_exclude,100,20,18,5645177,/scratch/marzii/imitation_runs/noise_variants/demos/exact_exclude/n100_p20_s18,submitted
exact_exclude_noise20,exact_exclude,100,20,19,5645178,/scratch/marzii/imitation_runs/noise_variants/demos/exact_exclude/n100_p20_s19,submitted
exact_exclude_noise20,exact_exclude,100,20,20,5645179,/scratch/marzii/imitation_runs/noise_variants/demos/exact_exclude/n100_p20_s20,submitted
exact_exclude_noise20,exact_exclude,100,20,21,5645180,/scratch/marzii/imitation_runs/noise_variants/demos/exact_exclude/n100_p20_s21,submitted
exact_exclude_noise20,exact_exclude,100,20,22,5645181,/scratch/marzii/imitation_runs/noise_variants/demos/exact_exclude/n100_p20_s22,submitted
exact_exclude_noise20,exact_exclude,100,20,23,5645182,/scratch/marzii/imitation_runs/noise_variants/demos/exact_exclude/n100_p20_s23,submitted
exact_exclude_noise20,exact_exclude,100,20,24,5645183,/scratch/marzii/imitation_runs/noise_variants/demos/exact_exclude/n100_p20_s24,submitted
exact_exclude_noise20,exact_exclude,100,20,25,5645184,/scratch/marzii/imitation_runs/noise_variants/demos/exact_exclude/n100_p20_s25,submitted
exact_exclude_noise20,exact_exclude,100,20,26,5645185,/scratch/marzii/imitation_runs/noise_variants/demos/exact_exclude/n100_p20_s26,submitted
exact_exclude_noise20,exact_exclude,100,20,27,5645186,/scratch/marzii/imitation_runs/noise_variants/demos/exact_exclude/n100_p20_s27,submitted
exact_exclude_noise20,exact_exclude,100,20,28,5645187,/scratch/marzii/imitation_runs/noise_variants/demos/exact_exclude/n100_p20_s28,submitted
exact_exclude_noise20,exact_exclude,100,20,29,5645188,/scratch/marzii/imitation_runs/noise_variants/demos/exact_exclude/n100_p20_s29,submitted
exact_exclude_noise30,exact_exclude,100,30,0,5645189,/scratch/marzii/imitation_runs/noise_variants/demos/exact_exclude/n100_p30_s0,submitted
exact_exclude_noise30,exact_exclude,100,30,1,5645190,/scratch/marzii/imitation_runs/noise_variants/demos/exact_exclude/n100_p30_s1,submitted
exact_exclude_noise30,exact_exclude,100,30,2,5645191,/scratch/marzii/imitation_runs/noise_variants/demos/exact_exclude/n100_p30_s2,submitted
exact_exclude_noise30,exact_exclude,100,30,3,5645192,/scratch/marzii/imitation_runs/noise_variants/demos/exact_exclude/n100_p30_s3,submitted
exact_exclude_noise30,exact_exclude,100,30,4,5645193,/scratch/marzii/imitation_runs/noise_variants/demos/exact_exclude/n100_p30_s4,submitted
exact_exclude_noise30,exact_exclude,100,30,5,5645194,/scratch/marzii/imitation_runs/noise_variants/demos/exact_exclude/n100_p30_s5,submitted
exact_exclude_noise30,exact_exclude,100,30,6,5645195,/scratch/marzii/imitation_runs/noise_variants/demos/exact_exclude/n100_p30_s6,submitted
exact_exclude_noise30,exact_exclude,100,30,7,5645196,/scratch/marzii/imitation_runs/noise_variants/demos/exact_exclude/n100_p30_s7,submitted
exact_exclude_noise30,exact_exclude,100,30,8,5645197,/scratch/marzii/imitation_runs/noise_variants/demos/exact_exclude/n100_p30_s8,submitted
exact_exclude_noise30,exact_exclude,100,30,9,5645198,/scratch/marzii/imitation_runs/noise_variants/demos/exact_exclude/n100_p30_s9,submitted
exact_exclude_noise30,exact_exclude,100,30,10,5645199,/scratch/marzii/imitation_runs/noise_variants/demos/exact_exclude/n100_p30_s10,submitted
exact_exclude_noise30,exact_exclude,100,30,11,5645200,/scratch/marzii/imitation_runs/noise_variants/demos/exact_exclude/n100_p30_s11,submitted
exact_exclude_noise30,exact_exclude,100,30,12,5645201,/scratch/marzii/imitation_runs/noise_variants/demos/exact_exclude/n100_p30_s12,submitted
exact_exclude_noise30,exact_exclude,100,30,13,5645202,/scratch/marzii/imitation_runs/noise_variants/demos/exact_exclude/n100_p30_s13,submitted
exact_exclude_noise30,exact_exclude,100,30,14,5645203,/scratch/marzii/imitation_runs/noise_variants/demos/exact_exclude/n100_p30_s14,submitted
exact_exclude_noise30,exact_exclude,100,30,15,5645204,/scratch/marzii/imitation_runs/noise_variants/demos/exact_exclude/n100_p30_s15,submitted
exact_exclude_noise30,exact_exclude,100,30,16,5645205,/scratch/marzii/imitation_runs/noise_variants/demos/exact_exclude/n100_p30_s16,submitted
exact_exclude_noise30,exact_exclude,100,30,17,5645206,/scratch/marzii/imitation_runs/noise_variants/demos/exact_exclude/n100_p30_s17,submitted
exact_exclude_noise30,exact_exclude,100,30,18,5645207,/scratch/marzii/imitation_runs/noise_variants/demos/exact_exclude/n100_p30_s18,submitted
exact_exclude_noise30,exact_exclude,100,30,19,5645208,/scratch/marzii/imitation_runs/noise_variants/demos/exact_exclude/n100_p30_s19,submitted
exact_exclude_noise30,exact_exclude,100,30,20,5645209,/scratch/marzii/imitation_runs/noise_variants/demos/exact_exclude/n100_p30_s20,submitted
exact_exclude_noise30,exact_exclude,100,30,21,5645210,/scratch/marzii/imitation_runs/noise_variants/demos/exact_exclude/n100_p30_s21,submitted
exact_exclude_noise30,exact_exclude,100,30,22,5645211,/scratch/marzii/imitation_runs/noise_variants/demos/exact_exclude/n100_p30_s22,submitted
exact_exclude_noise30,exact_exclude,100,30,23,5645212,/scratch/marzii/imitation_runs/noise_variants/demos/exact_exclude/n100_p30_s23,submitted
exact_exclude_noise30,exact_exclude,100,30,24,5645213,/scratch/marzii/imitation_runs/noise_variants/demos/exact_exclude/n100_p30_s24,submitted
exact_exclude_noise30,exact_exclude,100,30,25,5645214,/scratch/marzii/imitation_runs/noise_variants/demos/exact_exclude/n100_p30_s25,submitted
exact_exclude_noise30,exact_exclude,100,30,26,5645215,/scratch/marzii/imitation_runs/noise_variants/demos/exact_exclude/n100_p30_s26,submitted
exact_exclude_noise30,exact_exclude,100,30,27,5645216,/scratch/marzii/imitation_runs/noise_variants/demos/exact_exclude/n100_p30_s27,submitted
exact_exclude_noise30,exact_exclude,100,30,28,5645217,/scratch/marzii/imitation_runs/noise_variants/demos/exact_exclude/n100_p30_s28,submitted
exact_exclude_noise30,exact_exclude,100,30,29,5645218,/scratch/marzii/imitation_runs/noise_variants/demos/exact_exclude/n100_p30_s29,submitted
exact_exclude_noise40,exact_exclude,100,40,0,5645219,/scratch/marzii/imitation_runs/noise_variants/demos/exact_exclude/n100_p40_s0,submitted
exact_exclude_noise40,exact_exclude,100,40,1,5645220,/scratch/marzii/imitation_runs/noise_variants/demos/exact_exclude/n100_p40_s1,submitted
exact_exclude_noise40,exact_exclude,100,40,2,5645221,/scratch/marzii/imitation_runs/noise_variants/demos/exact_exclude/n100_p40_s2,submitted
exact_exclude_noise40,exact_exclude,100,40,3,5645222,/scratch/marzii/imitation_runs/noise_variants/demos/exact_exclude/n100_p40_s3,submitted
exact_exclude_noise40,exact_exclude,100,40,4,5645223,/scratch/marzii/imitation_runs/noise_variants/demos/exact_exclude/n100_p40_s4,submitted
exact_exclude_noise40,exact_exclude,100,40,5,5645224,/scratch/marzii/imitation_runs/noise_variants/demos/exact_exclude/n100_p40_s5,submitted
exact_exclude_noise40,exact_exclude,100,40,6,5645225,/scratch/marzii/imitation_runs/noise_variants/demos/exact_exclude/n100_p40_s6,submitted
exact_exclude_noise40,exact_exclude,100,40,7,5645226,/scratch/marzii/imitation_runs/noise_variants/demos/exact_exclude/n100_p40_s7,submitted
exact_exclude_noise40,exact_exclude,100,40,8,5645227,/scratch/marzii/imitation_runs/noise_variants/demos/exact_exclude/n100_p40_s8,submitted
exact_exclude_noise40,exact_exclude,100,40,9,5645228,/scratch/marzii/imitation_runs/noise_variants/demos/exact_exclude/n100_p40_s9,submitted
exact_exclude_noise40,exact_exclude,100,40,10,5645229,/scratch/marzii/imitation_runs/noise_variants/demos/exact_exclude/n100_p40_s10,submitted
exact_exclude_noise40,exact_exclude,100,40,11,5645230,/scratch/marzii/imitation_runs/noise_variants/demos/exact_exclude/n100_p40_s11,submitted
exact_exclude_noise40,exact_exclude,100,40,12,5645231,/scratch/marzii/imitation_runs/noise_variants/demos/exact_exclude/n100_p40_s12,submitted
exact_exclude_noise40,exact_exclude,100,40,13,5645232,/scratch/marzii/imitation_runs/noise_variants/demos/exact_exclude/n100_p40_s13,submitted
exact_exclude_noise40,exact_exclude,100,40,14,5645233,/scratch/marzii/imitation_runs/noise_variants/demos/exact_exclude/n100_p40_s14,submitted
exact_exclude_noise40,exact_exclude,100,40,15,5645234,/scratch/marzii/imitation_runs/noise_variants/demos/exact_exclude/n100_p40_s15,submitted
exact_exclude_noise40,exact_exclude,100,40,16,5645235,/scratch/marzii/imitation_runs/noise_variants/demos/exact_exclude/n100_p40_s16,submitted
exact_exclude_noise40,exact_exclude,100,40,17,5645236,/scratch/marzii/imitation_runs/noise_variants/demos/exact_exclude/n100_p40_s17,submitted
exact_exclude_noise40,exact_exclude,100,40,18,5645237,/scratch/marzii/imitation_runs/noise_variants/demos/exact_exclude/n100_p40_s18,submitted
exact_exclude_noise40,exact_exclude,100,40,19,5645238,/scratch/marzii/imitation_runs/noise_variants/demos/exact_exclude/n100_p40_s19,submitted
exact_exclude_noise40,exact_exclude,100,40,20,5645239,/scratch/marzii/imitation_runs/noise_variants/demos/exact_exclude/n100_p40_s20,submitted
exact_exclude_noise40,exact_exclude,100,40,21,5645240,/scratch/marzii/imitation_runs/noise_variants/demos/exact_exclude/n100_p40_s21,submitted
exact_exclude_noise40,exact_exclude,100,40,22,5645241,/scratch/marzii/imitation_runs/noise_variants/demos/exact_exclude/n100_p40_s22,submitted
exact_exclude_noise40,exact_exclude,100,40,23,5645242,/scratch/marzii/imitation_runs/noise_variants/demos/exact_exclude/n100_p40_s23,submitted
exact_exclude_noise40,exact_exclude,100,40,24,5645243,/scratch/marzii/imitation_runs/noise_variants/demos/exact_exclude/n100_p40_s24,submitted
exact_exclude_noise40,exact_exclude,100,40,25,5645244,/scratch/marzii/imitation_runs/noise_variants/demos/exact_exclude/n100_p40_s25,submitted
exact_exclude_noise40,exact_exclude,100,40,26,5645245,/scratch/marzii/imitation_runs/noise_variants/demos/exact_exclude/n100_p40_s26,submitted
exact_exclude_noise40,exact_exclude,100,40,27,5645246,/scratch/marzii/imitation_runs/noise_variants/demos/exact_exclude/n100_p40_s27,submitted
exact_exclude_noise40,exact_exclude,100,40,28,5645247,/scratch/marzii/imitation_runs/noise_variants/demos/exact_exclude/n100_p40_s28,submitted
exact_exclude_noise40,exact_exclude,100,40,29,5645248,/scratch/marzii/imitation_runs/noise_variants/demos/exact_exclude/n100_p40_s29,submitted
exact_exclude_noise50,exact_exclude,100,50,0,5645249,/scratch/marzii/imitation_runs/noise_variants/demos/exact_exclude/n100_p50_s0,submitted
exact_exclude_noise50,exact_exclude,100,50,1,5645250,/scratch/marzii/imitation_runs/noise_variants/demos/exact_exclude/n100_p50_s1,submitted
exact_exclude_noise50,exact_exclude,100,50,2,5645251,/scratch/marzii/imitation_runs/noise_variants/demos/exact_exclude/n100_p50_s2,submitted
exact_exclude_noise50,exact_exclude,100,50,3,5645252,/scratch/marzii/imitation_runs/noise_variants/demos/exact_exclude/n100_p50_s3,submitted
exact_exclude_noise50,exact_exclude,100,50,4,5645253,/scratch/marzii/imitation_runs/noise_variants/demos/exact_exclude/n100_p50_s4,submitted
exact_exclude_noise50,exact_exclude,100,50,5,5645254,/scratch/marzii/imitation_runs/noise_variants/demos/exact_exclude/n100_p50_s5,submitted
exact_exclude_noise50,exact_exclude,100,50,6,5645255,/scratch/marzii/imitation_runs/noise_variants/demos/exact_exclude/n100_p50_s6,submitted
exact_exclude_noise50,exact_exclude,100,50,7,5645256,/scratch/marzii/imitation_runs/noise_variants/demos/exact_exclude/n100_p50_s7,submitted
exact_exclude_noise50,exact_exclude,100,50,8,5645257,/scratch/marzii/imitation_runs/noise_variants/demos/exact_exclude/n100_p50_s8,submitted
exact_exclude_noise50,exact_exclude,100,50,9,5645258,/scratch/marzii/imitation_runs/noise_variants/demos/exact_exclude/n100_p50_s9,submitted
exact_exclude_noise50,exact_exclude,100,50,10,5645259,/scratch/marzii/imitation_runs/noise_variants/demos/exact_exclude/n100_p50_s10,submitted
exact_exclude_noise50,exact_exclude,100,50,11,5645260,/scratch/marzii/imitation_runs/noise_variants/demos/exact_exclude/n100_p50_s11,submitted
exact_exclude_noise50,exact_exclude,100,50,12,5645261,/scratch/marzii/imitation_runs/noise_variants/demos/exact_exclude/n100_p50_s12,submitted
exact_exclude_noise50,exact_exclude,100,50,13,5645262,/scratch/marzii/imitation_runs/noise_variants/demos/exact_exclude/n100_p50_s13,submitted
exact_exclude_noise50,exact_exclude,100,50,14,5645263,/scratch/marzii/imitation_runs/noise_variants/demos/exact_exclude/n100_p50_s14,submitted
exact_exclude_noise50,exact_exclude,100,50,15,5645264,/scratch/marzii/imitation_runs/noise_variants/demos/exact_exclude/n100_p50_s15,submitted
exact_exclude_noise50,exact_exclude,100,50,16,5645265,/scratch/marzii/imitation_runs/noise_variants/demos/exact_exclude/n100_p50_s16,submitted
exact_exclude_noise50,exact_exclude,100,50,17,5645266,/scratch/marzii/imitation_runs/noise_variants/demos/exact_exclude/n100_p50_s17,submitted
exact_exclude_noise50,exact_exclude,100,50,18,5645267,/scratch/marzii/imitation_runs/noise_variants/demos/exact_exclude/n100_p50_s18,submitted
exact_exclude_noise50,exact_exclude,100,50,19,5645268,/scratch/marzii/imitation_runs/noise_variants/demos/exact_exclude/n100_p50_s19,submitted
exact_exclude_noise50,exact_exclude,100,50,20,5645269,/scratch/marzii/imitation_runs/noise_variants/demos/exact_exclude/n100_p50_s20,submitted
exact_exclude_noise50,exact_exclude,100,50,21,5645270,/scratch/marzii/imitation_runs/noise_variants/demos/exact_exclude/n100_p50_s21,submitted
exact_exclude_noise50,exact_exclude,100,50,22,5645271,/scratch/marzii/imitation_runs/noise_variants/demos/exact_exclude/n100_p50_s22,submitted
exact_exclude_noise50,exact_exclude,100,50,23,5645272,/scratch/marzii/imitation_runs/noise_variants/demos/exact_exclude/n100_p50_s23,submitted
exact_exclude_noise50,exact_exclude,100,50,24,5645273,/scratch/marzii/imitation_runs/noise_variants/demos/exact_exclude/n100_p50_s24,submitted
exact_exclude_noise50,exact_exclude,100,50,25,5645274,/scratch/marzii/imitation_runs/noise_variants/demos/exact_exclude/n100_p50_s25,submitted
exact_exclude_noise50,exact_exclude,100,50,26,5645275,/scratch/marzii/imitation_runs/noise_variants/demos/exact_exclude/n100_p50_s26,submitted
exact_exclude_noise50,exact_exclude,100,50,27,5645276,/scratch/marzii/imitation_runs/noise_variants/demos/exact_exclude/n100_p50_s27,submitted
exact_exclude_noise50,exact_exclude,100,50,28,5645277,/scratch/marzii/imitation_runs/noise_variants/demos/exact_exclude/n100_p50_s28,submitted
exact_exclude_noise50,exact_exclude,100,50,29,5645278,/scratch/marzii/imitation_runs/noise_variants/demos/exact_exclude/n100_p50_s29,submitted
exact_exclude_noise60,exact_exclude,100,60,0,5645279,/scratch/marzii/imitation_runs/noise_variants/demos/exact_exclude/n100_p60_s0,submitted
exact_exclude_noise60,exact_exclude,100,60,1,5645280,/scratch/marzii/imitation_runs/noise_variants/demos/exact_exclude/n100_p60_s1,submitted
exact_exclude_noise60,exact_exclude,100,60,2,5645281,/scratch/marzii/imitation_runs/noise_variants/demos/exact_exclude/n100_p60_s2,submitted
exact_exclude_noise60,exact_exclude,100,60,3,5645282,/scratch/marzii/imitation_runs/noise_variants/demos/exact_exclude/n100_p60_s3,submitted
exact_exclude_noise60,exact_exclude,100,60,4,5645283,/scratch/marzii/imitation_runs/noise_variants/demos/exact_exclude/n100_p60_s4,submitted
exact_exclude_noise60,exact_exclude,100,60,5,5645284,/scratch/marzii/imitation_runs/noise_variants/demos/exact_exclude/n100_p60_s5,submitted
exact_exclude_noise60,exact_exclude,100,60,6,5645285,/scratch/marzii/imitation_runs/noise_variants/demos/exact_exclude/n100_p60_s6,submitted
exact_exclude_noise60,exact_exclude,100,60,7,5645286,/scratch/marzii/imitation_runs/noise_variants/demos/exact_exclude/n100_p60_s7,submitted
exact_exclude_noise60,exact_exclude,100,60,8,5645287,/scratch/marzii/imitation_runs/noise_variants/demos/exact_exclude/n100_p60_s8,submitted
exact_exclude_noise60,exact_exclude,100,60,9,5645288,/scratch/marzii/imitation_runs/noise_variants/demos/exact_exclude/n100_p60_s9,submitted
exact_exclude_noise60,exact_exclude,100,60,10,5645289,/scratch/marzii/imitation_runs/noise_variants/demos/exact_exclude/n100_p60_s10,submitted
exact_exclude_noise60,exact_exclude,100,60,11,5645290,/scratch/marzii/imitation_runs/noise_variants/demos/exact_exclude/n100_p60_s11,submitted
exact_exclude_noise60,exact_exclude,100,60,12,5645291,/scratch/marzii/imitation_runs/noise_variants/demos/exact_exclude/n100_p60_s12,submitted
exact_exclude_noise60,exact_exclude,100,60,13,5645292,/scratch/marzii/imitation_runs/noise_variants/demos/exact_exclude/n100_p60_s13,submitted
exact_exclude_noise60,exact_exclude,100,60,14,5645293,/scratch/marzii/imitation_runs/noise_variants/demos/exact_exclude/n100_p60_s14,submitted
exact_exclude_noise60,exact_exclude,100,60,15,5645294,/scratch/marzii/imitation_runs/noise_variants/demos/exact_exclude/n100_p60_s15,submitted
exact_exclude_noise60,exact_exclude,100,60,16,5645295,/scratch/marzii/imitation_runs/noise_variants/demos/exact_exclude/n100_p60_s16,submitted
exact_exclude_noise60,exact_exclude,100,60,17,5645296,/scratch/marzii/imitation_runs/noise_variants/demos/exact_exclude/n100_p60_s17,submitted
exact_exclude_noise60,exact_exclude,100,60,18,5645297,/scratch/marzii/imitation_runs/noise_variants/demos/exact_exclude/n100_p60_s18,submitted
exact_exclude_noise60,exact_exclude,100,60,19,5645298,/scratch/marzii/imitation_runs/noise_variants/demos/exact_exclude/n100_p60_s19,submitted
exact_exclude_noise60,exact_exclude,100,60,20,5645299,/scratch/marzii/imitation_runs/noise_variants/demos/exact_exclude/n100_p60_s20,submitted
exact_exclude_noise60,exact_exclude,100,60,21,5645300,/scratch/marzii/imitation_runs/noise_variants/demos/exact_exclude/n100_p60_s21,submitted
exact_exclude_noise60,exact_exclude,100,60,22,5645301,/scratch/marzii/imitation_runs/noise_variants/demos/exact_exclude/n100_p60_s22,submitted
exact_exclude_noise60,exact_exclude,100,60,23,5645302,/scratch/marzii/imitation_runs/noise_variants/demos/exact_exclude/n100_p60_s23,submitted
exact_exclude_noise60,exact_exclude,100,60,24,5645303,/scratch/marzii/imitation_runs/noise_variants/demos/exact_exclude/n100_p60_s24,submitted
exact_exclude_noise60,exact_exclude,100,60,25,5645304,/scratch/marzii/imitation_runs/noise_variants/demos/exact_exclude/n100_p60_s25,submitted
exact_exclude_noise60,exact_exclude,100,60,26,5645305,/scratch/marzii/imitation_runs/noise_variants/demos/exact_exclude/n100_p60_s26,submitted
exact_exclude_noise60,exact_exclude,100,60,27,5645306,/scratch/marzii/imitation_runs/noise_variants/demos/exact_exclude/n100_p60_s27,submitted
exact_exclude_noise60,exact_exclude,100,60,28,5645307,/scratch/marzii/imitation_runs/noise_variants/demos/exact_exclude/n100_p60_s28,submitted
exact_exclude_noise60,exact_exclude,100,60,29,5645308,/scratch/marzii/imitation_runs/noise_variants/demos/exact_exclude/n100_p60_s29,submitted
exact_exclude_noise70,exact_exclude,100,70,0,5645309,/scratch/marzii/imitation_runs/noise_variants/demos/exact_exclude/n100_p70_s0,submitted
exact_exclude_noise70,exact_exclude,100,70,1,5645310,/scratch/marzii/imitation_runs/noise_variants/demos/exact_exclude/n100_p70_s1,submitted
exact_exclude_noise70,exact_exclude,100,70,2,5645311,/scratch/marzii/imitation_runs/noise_variants/demos/exact_exclude/n100_p70_s2,submitted
exact_exclude_noise70,exact_exclude,100,70,3,5645312,/scratch/marzii/imitation_runs/noise_variants/demos/exact_exclude/n100_p70_s3,submitted
exact_exclude_noise70,exact_exclude,100,70,4,5645313,/scratch/marzii/imitation_runs/noise_variants/demos/exact_exclude/n100_p70_s4,submitted
exact_exclude_noise70,exact_exclude,100,70,5,5645314,/scratch/marzii/imitation_runs/noise_variants/demos/exact_exclude/n100_p70_s5,submitted
exact_exclude_noise70,exact_exclude,100,70,6,5645315,/scratch/marzii/imitation_runs/noise_variants/demos/exact_exclude/n100_p70_s6,submitted
exact_exclude_noise70,exact_exclude,100,70,7,5645316,/scratch/marzii/imitation_runs/noise_variants/demos/exact_exclude/n100_p70_s7,submitted
exact_exclude_noise70,exact_exclude,100,70,8,5645317,/scratch/marzii/imitation_runs/noise_variants/demos/exact_exclude/n100_p70_s8,submitted
exact_exclude_noise70,exact_exclude,100,70,9,5645318,/scratch/marzii/imitation_runs/noise_variants/demos/exact_exclude/n100_p70_s9,submitted
exact_exclude_noise70,exact_exclude,100,70,10,5645319,/scratch/marzii/imitation_runs/noise_variants/demos/exact_exclude/n100_p70_s10,submitted
exact_exclude_noise70,exact_exclude,100,70,11,5645320,/scratch/marzii/imitation_runs/noise_variants/demos/exact_exclude/n100_p70_s11,submitted
exact_exclude_noise70,exact_exclude,100,70,12,5645321,/scratch/marzii/imitation_runs/noise_variants/demos/exact_exclude/n100_p70_s12,submitted
exact_exclude_noise70,exact_exclude,100,70,13,5645322,/scratch/marzii/imitation_runs/noise_variants/demos/exact_exclude/n100_p70_s13,submitted
exact_exclude_noise70,exact_exclude,100,70,14,5645323,/scratch/marzii/imitation_runs/noise_variants/demos/exact_exclude/n100_p70_s14,submitted
exact_exclude_noise70,exact_exclude,100,70,15,5645324,/scratch/marzii/imitation_runs/noise_variants/demos/exact_exclude/n100_p70_s15,submitted
exact_exclude_noise70,exact_exclude,100,70,16,5645325,/scratch/marzii/imitation_runs/noise_variants/demos/exact_exclude/n100_p70_s16,submitted
exact_exclude_noise70,exact_exclude,100,70,17,5645326,/scratch/marzii/imitation_runs/noise_variants/demos/exact_exclude/n100_p70_s17,submitted
exact_exclude_noise70,exact_exclude,100,70,18,5645327,/scratch/marzii/imitation_runs/noise_variants/demos/exact_exclude/n100_p70_s18,submitted
exact_exclude_noise70,exact_exclude,100,70,19,5645328,/scratch/marzii/imitation_runs/noise_variants/demos/exact_exclude/n100_p70_s19,submitted
exact_exclude_noise70,exact_exclude,100,70,20,5645329,/scratch/marzii/imitation_runs/noise_variants/demos/exact_exclude/n100_p70_s20,submitted
exact_exclude_noise70,exact_exclude,100,70,21,5645330,/scratch/marzii/imitation_runs/noise_variants/demos/exact_exclude/n100_p70_s21,submitted
exact_exclude_noise70,exact_exclude,100,70,22,5645331,/scratch/marzii/imitation_runs/noise_variants/demos/exact_exclude/n100_p70_s22,submitted
exact_exclude_noise70,exact_exclude,100,70,23,5645332,/scratch/marzii/imitation_runs/noise_variants/demos/exact_exclude/n100_p70_s23,submitted
exact_exclude_noise70,exact_exclude,100,70,24,5645333,/scratch/marzii/imitation_runs/noise_variants/demos/exact_exclude/n100_p70_s24,submitted
exact_exclude_noise70,exact_exclude,100,70,25,5645334,/scratch/marzii/imitation_runs/noise_variants/demos/exact_exclude/n100_p70_s25,submitted
exact_exclude_noise70,exact_exclude,100,70,26,5645335,/scratch/marzii/imitation_runs/noise_variants/demos/exact_exclude/n100_p70_s26,submitted
exact_exclude_noise70,exact_exclude,100,70,27,5645336,/scratch/marzii/imitation_runs/noise_variants/demos/exact_exclude/n100_p70_s27,submitted
exact_exclude_noise70,exact_exclude,100,70,28,5645337,/scratch/marzii/imitation_runs/noise_variants/demos/exact_exclude/n100_p70_s28,submitted
exact_exclude_noise70,exact_exclude,100,70,29,5645338,/scratch/marzii/imitation_runs/noise_variants/demos/exact_exclude/n100_p70_s29,submitted
exact_exclude_noise80,exact_exclude,100,80,0,5645339,/scratch/marzii/imitation_runs/noise_variants/demos/exact_exclude/n100_p80_s0,submitted
exact_exclude_noise80,exact_exclude,100,80,1,5645340,/scratch/marzii/imitation_runs/noise_variants/demos/exact_exclude/n100_p80_s1,submitted
exact_exclude_noise80,exact_exclude,100,80,2,5645341,/scratch/marzii/imitation_runs/noise_variants/demos/exact_exclude/n100_p80_s2,submitted
exact_exclude_noise80,exact_exclude,100,80,3,5645342,/scratch/marzii/imitation_runs/noise_variants/demos/exact_exclude/n100_p80_s3,submitted
exact_exclude_noise80,exact_exclude,100,80,4,5645343,/scratch/marzii/imitation_runs/noise_variants/demos/exact_exclude/n100_p80_s4,submitted
exact_exclude_noise80,exact_exclude,100,80,5,5645344,/scratch/marzii/imitation_runs/noise_variants/demos/exact_exclude/n100_p80_s5,submitted
exact_exclude_noise80,exact_exclude,100,80,6,5645345,/scratch/marzii/imitation_runs/noise_variants/demos/exact_exclude/n100_p80_s6,submitted
exact_exclude_noise80,exact_exclude,100,80,7,5645346,/scratch/marzii/imitation_runs/noise_variants/demos/exact_exclude/n100_p80_s7,submitted
exact_exclude_noise80,exact_exclude,100,80,8,5645347,/scratch/marzii/imitation_runs/noise_variants/demos/exact_exclude/n100_p80_s8,submitted
exact_exclude_noise80,exact_exclude,100,80,9,5645348,/scratch/marzii/imitation_runs/noise_variants/demos/exact_exclude/n100_p80_s9,submitted
exact_exclude_noise80,exact_exclude,100,80,10,5645349,/scratch/marzii/imitation_runs/noise_variants/demos/exact_exclude/n100_p80_s10,submitted
exact_exclude_noise80,exact_exclude,100,80,11,5645350,/scratch/marzii/imitation_runs/noise_variants/demos/exact_exclude/n100_p80_s11,submitted
exact_exclude_noise80,exact_exclude,100,80,12,5645351,/scratch/marzii/imitation_runs/noise_variants/demos/exact_exclude/n100_p80_s12,submitted
exact_exclude_noise80,exact_exclude,100,80,13,5645352,/scratch/marzii/imitation_runs/noise_variants/demos/exact_exclude/n100_p80_s13,submitted
exact_exclude_noise80,exact_exclude,100,80,14,5645353,/scratch/marzii/imitation_runs/noise_variants/demos/exact_exclude/n100_p80_s14,submitted
exact_exclude_noise80,exact_exclude,100,80,15,5645354,/scratch/marzii/imitation_runs/noise_variants/demos/exact_exclude/n100_p80_s15,submitted
exact_exclude_noise80,exact_exclude,100,80,16,5645355,/scratch/marzii/imitation_runs/noise_variants/demos/exact_exclude/n100_p80_s16,submitted
exact_exclude_noise80,exact_exclude,100,80,17,5645356,/scratch/marzii/imitation_runs/noise_variants/demos/exact_exclude/n100_p80_s17,submitted
exact_exclude_noise80,exact_exclude,100,80,18,5645357,/scratch/marzii/imitation_runs/noise_variants/demos/exact_exclude/n100_p80_s18,submitted
exact_exclude_noise80,exact_exclude,100,80,19,5645358,/scratch/marzii/imitation_runs/noise_variants/demos/exact_exclude/n100_p80_s19,submitted
exact_exclude_noise80,exact_exclude,100,80,20,5645359,/scratch/marzii/imitation_runs/noise_variants/demos/exact_exclude/n100_p80_s20,submitted
exact_exclude_noise80,exact_exclude,100,80,21,5645360,/scratch/marzii/imitation_runs/noise_variants/demos/exact_exclude/n100_p80_s21,submitted
exact_exclude_noise80,exact_exclude,100,80,22,5645361,/scratch/marzii/imitation_runs/noise_variants/demos/exact_exclude/n100_p80_s22,submitted
exact_exclude_noise80,exact_exclude,100,80,23,5645362,/scratch/marzii/imitation_runs/noise_variants/demos/exact_exclude/n100_p80_s23,submitted
exact_exclude_noise80,exact_exclude,100,80,24,5645363,/scratch/marzii/imitation_runs/noise_variants/demos/exact_exclude/n100_p80_s24,submitted
exact_exclude_noise80,exact_exclude,100,80,25,5645364,/scratch/marzii/imitation_runs/noise_variants/demos/exact_exclude/n100_p80_s25,submitted
exact_exclude_noise80,exact_exclude,100,80,26,5645365,/scratch/marzii/imitation_runs/noise_variants/demos/exact_exclude/n100_p80_s26,submitted
exact_exclude_noise80,exact_exclude,100,80,27,5645366,/scratch/marzii/imitation_runs/noise_variants/demos/exact_exclude/n100_p80_s27,submitted
exact_exclude_noise80,exact_exclude,100,80,28,5645367,/scratch/marzii/imitation_runs/noise_variants/demos/exact_exclude/n100_p80_s28,submitted
exact_exclude_noise80,exact_exclude,100,80,29,5645368,/scratch/marzii/imitation_runs/noise_variants/demos/exact_exclude/n100_p80_s29,submitted
exact_exclude_noise90,exact_exclude,100,90,0,5645369,/scratch/marzii/imitation_runs/noise_variants/demos/exact_exclude/n100_p90_s0,submitted
exact_exclude_noise90,exact_exclude,100,90,1,5645370,/scratch/marzii/imitation_runs/noise_variants/demos/exact_exclude/n100_p90_s1,submitted
exact_exclude_noise90,exact_exclude,100,90,2,5645371,/scratch/marzii/imitation_runs/noise_variants/demos/exact_exclude/n100_p90_s2,submitted
exact_exclude_noise90,exact_exclude,100,90,3,5645372,/scratch/marzii/imitation_runs/noise_variants/demos/exact_exclude/n100_p90_s3,submitted
exact_exclude_noise90,exact_exclude,100,90,4,5645373,/scratch/marzii/imitation_runs/noise_variants/demos/exact_exclude/n100_p90_s4,submitted
exact_exclude_noise90,exact_exclude,100,90,5,5645374,/scratch/marzii/imitation_runs/noise_variants/demos/exact_exclude/n100_p90_s5,submitted
exact_exclude_noise90,exact_exclude,100,90,6,5645375,/scratch/marzii/imitation_runs/noise_variants/demos/exact_exclude/n100_p90_s6,submitted
exact_exclude_noise90,exact_exclude,100,90,7,5645376,/scratch/marzii/imitation_runs/noise_variants/demos/exact_exclude/n100_p90_s7,submitted
exact_exclude_noise90,exact_exclude,100,90,8,5645377,/scratch/marzii/imitation_runs/noise_variants/demos/exact_exclude/n100_p90_s8,submitted
exact_exclude_noise90,exact_exclude,100,90,9,5645378,/scratch/marzii/imitation_runs/noise_variants/demos/exact_exclude/n100_p90_s9,submitted
exact_exclude_noise90,exact_exclude,100,90,10,5645379,/scratch/marzii/imitation_runs/noise_variants/demos/exact_exclude/n100_p90_s10,submitted
exact_exclude_noise90,exact_exclude,100,90,11,5645380,/scratch/marzii/imitation_runs/noise_variants/demos/exact_exclude/n100_p90_s11,submitted
exact_exclude_noise90,exact_exclude,100,90,12,5645381,/scratch/marzii/imitation_runs/noise_variants/demos/exact_exclude/n100_p90_s12,submitted
exact_exclude_noise90,exact_exclude,100,90,13,5645382,/scratch/marzii/imitation_runs/noise_variants/demos/exact_exclude/n100_p90_s13,submitted
exact_exclude_noise90,exact_exclude,100,90,14,5645383,/scratch/marzii/imitation_runs/noise_variants/demos/exact_exclude/n100_p90_s14,submitted
exact_exclude_noise90,exact_exclude,100,90,15,5645384,/scratch/marzii/imitation_runs/noise_variants/demos/exact_exclude/n100_p90_s15,submitted
exact_exclude_noise90,exact_exclude,100,90,16,5645385,/scratch/marzii/imitation_runs/noise_variants/demos/exact_exclude/n100_p90_s16,submitted
exact_exclude_noise90,exact_exclude,100,90,17,5645386,/scratch/marzii/imitation_runs/noise_variants/demos/exact_exclude/n100_p90_s17,submitted
exact_exclude_noise90,exact_exclude,100,90,18,5645387,/scratch/marzii/imitation_runs/noise_variants/demos/exact_exclude/n100_p90_s18,submitted
exact_exclude_noise90,exact_exclude,100,90,19,5645388,/scratch/marzii/imitation_runs/noise_variants/demos/exact_exclude/n100_p90_s19,submitted
exact_exclude_noise90,exact_exclude,100,90,20,5645389,/scratch/marzii/imitation_runs/noise_variants/demos/exact_exclude/n100_p90_s20,submitted
exact_exclude_noise90,exact_exclude,100,90,21,5645390,/scratch/marzii/imitation_runs/noise_variants/demos/exact_exclude/n100_p90_s21,submitted
exact_exclude_noise90,exact_exclude,100,90,22,5645391,/scratch/marzii/imitation_runs/noise_variants/demos/exact_exclude/n100_p90_s22,submitted
exact_exclude_noise90,exact_exclude,100,90,23,5645392,/scratch/marzii/imitation_runs/noise_variants/demos/exact_exclude/n100_p90_s23,submitted
exact_exclude_noise90,exact_exclude,100,90,24,5645393,/scratch/marzii/imitation_runs/noise_variants/demos/exact_exclude/n100_p90_s24,submitted
exact_exclude_noise90,exact_exclude,100,90,25,5645394,/scratch/marzii/imitation_runs/noise_variants/demos/exact_exclude/n100_p90_s25,submitted
exact_exclude_noise90,exact_exclude,100,90,26,5645395,/scratch/marzii/imitation_runs/noise_variants/demos/exact_exclude/n100_p90_s26,submitted
exact_exclude_noise90,exact_exclude,100,90,27,5645396,/scratch/marzii/imitation_runs/noise_variants/demos/exact_exclude/n100_p90_s27,submitted
exact_exclude_noise90,exact_exclude,100,90,28,5645397,/scratch/marzii/imitation_runs/noise_variants/demos/exact_exclude/n100_p90_s28,submitted
exact_exclude_noise90,exact_exclude,100,90,29,5645398,/scratch/marzii/imitation_runs/noise_variants/demos/exact_exclude/n100_p90_s29,submitted
exact_exclude_noise100,exact_exclude,100,100,0,5645399,/scratch/marzii/imitation_runs/noise_variants/demos/exact_exclude/n100_p100_s0,submitted
exact_exclude_noise100,exact_exclude,100,100,1,5645400,/scratch/marzii/imitation_runs/noise_variants/demos/exact_exclude/n100_p100_s1,submitted
exact_exclude_noise100,exact_exclude,100,100,2,5645401,/scratch/marzii/imitation_runs/noise_variants/demos/exact_exclude/n100_p100_s2,submitted
exact_exclude_noise100,exact_exclude,100,100,3,5645402,/scratch/marzii/imitation_runs/noise_variants/demos/exact_exclude/n100_p100_s3,submitted
exact_exclude_noise100,exact_exclude,100,100,4,5645403,/scratch/marzii/imitation_runs/noise_variants/demos/exact_exclude/n100_p100_s4,submitted
exact_exclude_noise100,exact_exclude,100,100,5,5645404,/scratch/marzii/imitation_runs/noise_variants/demos/exact_exclude/n100_p100_s5,submitted
exact_exclude_noise100,exact_exclude,100,100,6,5645405,/scratch/marzii/imitation_runs/noise_variants/demos/exact_exclude/n100_p100_s6,submitted
exact_exclude_noise100,exact_exclude,100,100,7,5645406,/scratch/marzii/imitation_runs/noise_variants/demos/exact_exclude/n100_p100_s7,submitted
exact_exclude_noise100,exact_exclude,100,100,8,5645407,/scratch/marzii/imitation_runs/noise_variants/demos/exact_exclude/n100_p100_s8,submitted
exact_exclude_noise100,exact_exclude,100,100,9,5645408,/scratch/marzii/imitation_runs/noise_variants/demos/exact_exclude/n100_p100_s9,submitted
exact_exclude_noise100,exact_exclude,100,100,10,5645409,/scratch/marzii/imitation_runs/noise_variants/demos/exact_exclude/n100_p100_s10,submitted
exact_exclude_noise100,exact_exclude,100,100,11,5645410,/scratch/marzii/imitation_runs/noise_variants/demos/exact_exclude/n100_p100_s11,submitted
exact_exclude_noise100,exact_exclude,100,100,12,5645411,/scratch/marzii/imitation_runs/noise_variants/demos/exact_exclude/n100_p100_s12,submitted
exact_exclude_noise100,exact_exclude,100,100,13,5645412,/scratch/marzii/imitation_runs/noise_variants/demos/exact_exclude/n100_p100_s13,submitted
exact_exclude_noise100,exact_exclude,100,100,14,5645413,/scratch/marzii/imitation_runs/noise_variants/demos/exact_exclude/n100_p100_s14,submitted
exact_exclude_noise100,exact_exclude,100,100,15,5645414,/scratch/marzii/imitation_runs/noise_variants/demos/exact_exclude/n100_p100_s15,submitted
exact_exclude_noise100,exact_exclude,100,100,16,5645415,/scratch/marzii/imitation_runs/noise_variants/demos/exact_exclude/n100_p100_s16,submitted
exact_exclude_noise100,exact_exclude,100,100,17,5645416,/scratch/marzii/imitation_runs/noise_variants/demos/exact_exclude/n100_p100_s17,submitted
exact_exclude_noise100,exact_exclude,100,100,18,5645417,/scratch/marzii/imitation_runs/noise_variants/demos/exact_exclude/n100_p100_s18,submitted
exact_exclude_noise100,exact_exclude,100,100,19,5645418,/scratch/marzii/imitation_runs/noise_variants/demos/exact_exclude/n100_p100_s19,submitted
exact_exclude_noise100,exact_exclude,100,100,20,5645419,/scratch/marzii/imitation_runs/noise_variants/demos/exact_exclude/n100_p100_s20,submitted
exact_exclude_noise100,exact_exclude,100,100,21,5645420,/scratch/marzii/imitation_runs/noise_variants/demos/exact_exclude/n100_p100_s21,submitted
exact_exclude_noise100,exact_exclude,100,100,22,5645421,/scratch/marzii/imitation_runs/noise_variants/demos/exact_exclude/n100_p100_s22,submitted
exact_exclude_noise100,exact_exclude,100,100,23,5645422,/scratch/marzii/imitation_runs/noise_variants/demos/exact_exclude/n100_p100_s23,submitted
exact_exclude_noise100,exact_exclude,100,100,24,5645423,/scratch/marzii/imitation_runs/noise_variants/demos/exact_exclude/n100_p100_s24,submitted
exact_exclude_noise100,exact_exclude,100,100,25,5645424,/scratch/marzii/imitation_runs/noise_variants/demos/exact_exclude/n100_p100_s25,submitted
exact_exclude_noise100,exact_exclude,100,100,26,5645425,/scratch/marzii/imitation_runs/noise_variants/demos/exact_exclude/n100_p100_s26,submitted
exact_exclude_noise100,exact_exclude,100,100,27,5645426,/scratch/marzii/imitation_runs/noise_variants/demos/exact_exclude/n100_p100_s27,submitted
exact_exclude_noise100,exact_exclude,100,100,28,5645427,/scratch/marzii/imitation_runs/noise_variants/demos/exact_exclude/n100_p100_s28,submitted
exact_exclude_noise100,exact_exclude,100,100,29,5645428,/scratch/marzii/imitation_runs/noise_variants/demos/exact_exclude/n100_p100_s29,submitted
